predicate,family,field,data_type,unit,owner_roles,source,path,availability,current_LP_fit_consumed
airspace.aircraft_inside_restricted_airspace,airspace_operations,state.restricted_region_active,boolean,bool,restricted_region,derived/plan_window_computer,geometry.restricted_region_active,KNOWN only from admitted actual scoped source; absent is UNKNOWN,False
airspace.aircraft_inside_restricted_airspace,airspace_operations,geometry.minimum_restricted_boundary_distance_m,numeric,m,actor|restricted_region,derived/geometric_computer,geometry.minimum_restricted_boundary_distance_m,KNOWN only from admitted actual scoped source; absent is UNKNOWN,False
airspace.aircraft_inside_protected_airspace,airspace_operations,geometry.inside_protected_airspace,boolean,bool,aircraft|protected_region,derived/geometric_computer,geometry.inside_protected_airspace,KNOWN only from admitted actual scoped source; absent is UNKNOWN,False
airspace.aircraft_is_non_cooperative,airspace_operations,plan.cooperative_flag,boolean,bool,aircraft,derived/plan_window_computer,plan.cooperative_flag,KNOWN only from admitted actual scoped source; absent is UNKNOWN,False
airspace.aircraft_outside_assigned_altitude_band,airspace_operations,geometry.position_z_m,numeric,m,actor,derived/geometric_computer,geometry.position_z_m,KNOWN only from admitted actual scoped source; absent is UNKNOWN,False
airspace.aircraft_outside_assigned_altitude_band,airspace_operations,geometry.assigned_altitude_m,numeric,m,actor,derived/geometric_computer,geometry.assigned_altitude_m,KNOWN only from admitted actual scoped source; absent is UNKNOWN,False
airspace.aircraft_occupies_airspace_corridor,airspace_operations,geometry.aircraft_inside_corridor,boolean,bool,actor|corridor,derived/geometric_computer,geometry.aircraft_inside_corridor,KNOWN only from admitted actual scoped source; absent is UNKNOWN,False
airspace.aircraft_moving_in_corridor,airspace_operations,geometry.aircraft_inside_corridor,boolean,bool,actor|corridor,derived/geometric_computer,geometry.aircraft_inside_corridor,KNOWN only from admitted actual scoped source; absent is UNKNOWN,False
airspace.aircraft_moving_in_corridor,airspace_operations,geometry.speed_mps,numeric,m/s,actor,derived/geometric_computer,geometry.speed_mps,KNOWN only from admitted actual scoped source; absent is UNKNOWN,False
airspace.aircraft_stationary_in_corridor,airspace_operations,geometry.aircraft_inside_corridor,boolean,bool,actor|corridor,derived/geometric_computer,geometry.aircraft_inside_corridor,KNOWN only from admitted actual scoped source; absent is UNKNOWN,False
airspace.aircraft_stationary_in_corridor,airspace_operations,geometry.speed_mps,numeric,m/s,actor,derived/geometric_computer,geometry.speed_mps,KNOWN only from admitted actual scoped source; absent is UNKNOWN,False
airspace.airspace_corridor_over_capacity,airspace_operations,scene.maximum_corridor_occupancy_count,numeric,aircraft,corridor,derived/geometric_computer,scene.maximum_corridor_occupancy_count,KNOWN only from admitted actual scoped source; absent is UNKNOWN,False
airspace.airspace_corridor_over_capacity,airspace_operations,scene.maximum_corridor_capacity,numeric,aircraft,corridor,derived/geometric_computer,scene.maximum_corridor_capacity,KNOWN only from admitted actual scoped source; absent is UNKNOWN,False
airspace.aircraft_airborne,airspace_operations,geometry.z_agl_m,numeric,m,aircraft,derived/geometric_computer,geometry.z_agl_m,KNOWN only from admitted actual scoped source; absent is UNKNOWN,False
airspace.aircraft_airborne,airspace_operations,geometry.local_ground_reference_z_m,numeric,m,aircraft,derived/geometric_computer,geometry.local_ground_reference_z_m,KNOWN only from admitted actual scoped source; absent is UNKNOWN,False
airspace.aircraft_at_home_pad,airspace_operations,geometry.xy_distance_to_home_pad_m,numeric,m,aircraft|home_pad,derived/geometric_computer,geometry.xy_distance_to_home_pad_m,KNOWN only from admitted actual scoped source; absent is UNKNOWN,False
airspace.aircraft_at_home_pad,airspace_operations,geometry.home_pad_id,identifier,identifier,aircraft,derived/geometric_computer,geometry.home_pad_id,KNOWN only from admitted actual scoped source; absent is UNKNOWN,False
airspace.aircraft_touchdown,airspace_operations,geometry.z_agl_m,numeric,m,aircraft,derived/geometric_computer,geometry.z_agl_m,KNOWN only from admitted actual scoped source; absent is UNKNOWN,False
airspace.aircraft_touchdown,airspace_operations,geometry.speed_mps,numeric,m/s,aircraft,derived/geometric_computer,geometry.speed_mps,KNOWN only from admitted actual scoped source; absent is UNKNOWN,False
airspace.aircraft_in_landing_zone,airspace_operations,geometry.xy_distance_to_assigned_landing_zone_m,numeric,m,aircraft|landing_zone,derived/geometric_computer,geometry.xy_distance_to_assigned_landing_zone_m,KNOWN only from admitted actual scoped source; absent is UNKNOWN,False
airspace.aircraft_in_landing_zone,airspace_operations,geometry.assigned_landing_zone_id,identifier,identifier,aircraft,derived/geometric_computer,geometry.assigned_landing_zone_id,KNOWN only from admitted actual scoped source; absent is UNKNOWN,False
ground.vehicle_moving_in_lane,ground_mobility,truth.lane_id,identifier,identifier,vehicle,truth/truth_frames.jsonl,truth.lane_id,KNOWN only from admitted actual scoped source; absent is UNKNOWN,False
ground.vehicle_moving_in_lane,ground_mobility,truth.speed_mps,numeric,m/s,vehicle,truth/truth_frames.jsonl,truth.speed_mps,KNOWN only from admitted actual scoped source; absent is UNKNOWN,False
ground.vehicle_stopped_in_lane,ground_mobility,truth.lane_id,identifier,identifier,vehicle,truth/truth_frames.jsonl,truth.lane_id,KNOWN only from admitted actual scoped source; absent is UNKNOWN,False
ground.vehicle_stopped_in_lane,ground_mobility,truth.speed_mps,numeric,m/s,vehicle,truth/truth_frames.jsonl,truth.speed_mps,KNOWN only from admitted actual scoped source; absent is UNKNOWN,False
ground.vehicle_queue_exceeds_length,ground_mobility,domain.signal_queue.queue_vehicle_count,numeric,vehicle,road_element,domain_state_supplement/domain_state_observations.jsonl,domain.signal_queue.queue_vehicle_count,KNOWN only from admitted actual scoped source; absent is UNKNOWN,False
ground.road_segment_closed,ground_mobility,domain.road_closure.road_closed,boolean,bool,road_segment,domain_state_supplement/domain_state_observations.jsonl,domain.road_closure.road_closed,KNOWN only from admitted actual scoped source; absent is UNKNOWN,False
ground.pedestrian_in_crosswalk,ground_mobility,truth.in_crosswalk,boolean,bool,pedestrian,truth/truth_frames.jsonl,truth.in_crosswalk,KNOWN only from admitted actual scoped source; absent is UNKNOWN,False
ground.traffic_signal_malfunction_active,ground_mobility,domain.signal_queue.controller_health,categorical,state-code,signal,domain_state_supplement/domain_state_observations.jsonl,domain.signal_queue.controller_health,KNOWN only from admitted actual scoped source; absent is UNKNOWN,False
regulation.traffic_signal_applies_to_vehicle,mobility_regulation,truth.controlling_signal_id,identifier,identifier,vehicle,truth/truth_frames.jsonl,truth.controlling_signal_id,KNOWN only from admitted actual scoped source; absent is UNKNOWN,False
regulation.vehicle_crosses_stop_line_on_red,mobility_regulation,truth.crossed_stop_line,boolean,bool,vehicle|stop_line|signal,truth/truth_frames.jsonl,truth.crossed_stop_line,KNOWN only from admitted actual scoped source; absent is UNKNOWN,False
regulation.vehicle_crosses_stop_line_on_red,mobility_regulation,truth.controlling_signal_state,categorical,state-code,vehicle|stop_line|signal,truth/truth_frames.jsonl,truth.controlling_signal_state,KNOWN only from admitted actual scoped source; absent is UNKNOWN,False
regulation.vehicle_exceeds_posted_speed,mobility_regulation,truth.speed_mps,numeric,m/s,vehicle,truth/truth_frames.jsonl,truth.speed_mps,KNOWN only from admitted actual scoped source; absent is UNKNOWN,False
regulation.vehicle_exceeds_posted_speed,mobility_regulation,truth.posted_speed_limit_mps,numeric,m/s,regulation,truth/truth_frames.jsonl,truth.posted_speed_limit_mps,KNOWN only from admitted actual scoped source; absent is UNKNOWN,False
regulation.vehicle_violates_following_distance,mobility_regulation,truth.following_distance_m,numeric,m,following_vehicle|leading_vehicle,truth/truth_frames.jsonl#sumo_vehicle.following_distance_m,truth.following_distance_m,KNOWN only from admitted actual scoped source; absent is UNKNOWN,False
regulation.pedestrian_has_crosswalk_priority,mobility_regulation,truth.in_crosswalk,boolean,bool,pedestrian,truth/truth_frames.jsonl,truth.in_crosswalk,KNOWN only from admitted actual scoped source; absent is UNKNOWN,False
safety.aircraft_pair_below_separation,agent_interaction_safety,derived.nearest_aircraft_distance_m,numeric,m,first_aircraft|second_aircraft,derived/geometric_computer,derived.nearest_aircraft_distance_m,KNOWN only from admitted actual scoped source; absent is UNKNOWN,False
safety.aircraft_near_building_structure,agent_interaction_safety,derived.nearest_building_distance_m,numeric,m,aircraft|structure,derived/geometric_computer,derived.nearest_building_distance_m,KNOWN only from admitted actual scoped source; absent is UNKNOWN,False
safety.aircraft_near_ground_vehicle,agent_interaction_safety,derived.nearest_ground_vehicle_distance_m,numeric,m,aircraft|vehicle,derived/geometric_computer,derived.nearest_ground_vehicle_distance_m,KNOWN only from admitted actual scoped source; absent is UNKNOWN,False
safety.aircraft_near_pedestrian,agent_interaction_safety,derived.nearest_pedestrian_distance_m,numeric,m,aircraft|pedestrian,derived/geometric_computer,derived.nearest_pedestrian_distance_m,KNOWN only from admitted actual scoped source; absent is UNKNOWN,False
safety.vehicle_pedestrian_conflict,agent_interaction_safety,derived.nearest_pedestrian_distance_m,numeric,m,vehicle|pedestrian,derived/geometric_computer,derived.nearest_pedestrian_distance_m,KNOWN only from admitted actual scoped source; absent is UNKNOWN,False
safety.crowd_evacuation_active,agent_interaction_safety,domain.crowd_evacuation.evacuation_active,boolean,bool,crowd,domain_state_supplement/domain_state_observations.jsonl,domain.crowd_evacuation.evacuation_active,KNOWN only from admitted actual scoped source; absent is UNKNOWN,False
facility.aircraft_battery_low,facility_energy_service,domain.payload_energy.state_of_charge_ratio,numeric,ratio,aircraft,domain_state_supplement/domain_state_observations.jsonl,domain.payload_energy.state_of_charge_ratio,KNOWN only from admitted actual scoped source; absent is UNKNOWN,False
facility.charging_station_unavailable,facility_energy_service,domain.pad_facility.availability,categorical,state-code,station,domain_state_supplement/domain_state_observations.jsonl,domain.pad_facility.availability,KNOWN only from admitted actual scoped source; absent is UNKNOWN,False
facility.charging_queue_over_capacity,facility_energy_service,domain.pad_facility.requester_count,numeric,aircraft,station,domain_state_supplement/domain_state_observations.jsonl,domain.pad_facility.requester_count,KNOWN only from admitted actual scoped source; absent is UNKNOWN,False
facility.charging_queue_over_capacity,facility_energy_service,domain.pad_facility.capacity,numeric,aircraft,station,domain_state_supplement/domain_state_observations.jsonl,domain.pad_facility.capacity,KNOWN only from admitted actual scoped source; absent is UNKNOWN,False
facility.landing_pad_occupied,facility_energy_service,domain.pad_facility.occupied,boolean,bool,pad,domain_state_supplement/domain_state_observations.jsonl,domain.pad_facility.occupied,KNOWN only from admitted actual scoped source; absent is UNKNOWN,False
facility.landing_pad_contention,facility_energy_service,domain.pad_facility.pair_contention,boolean,bool,pad|first_aircraft|second_aircraft,domain_state_supplement/domain_state_observations.jsonl,domain.pad_facility.pair_contention,KNOWN only from admitted actual scoped source; absent is UNKNOWN,False
communication.channel_bandwidth_over_allocated,communication_process,bandwidth.dropped_mbps,numeric,Mbps,allocation,communication_state.jsonl,bandwidth.dropped_mbps,published_monitor,False
communication.channel_bandwidth_over_allocated,communication_process,requirement.status,categorical,state-code,allocation,communication_state.jsonl,requirement.status,publisher_requirement,False
communication.handover_in_progress,communication_process,handover.active,boolean,bool,handover,communication_state.jsonl,handover.active,published_monitor,False
communication.data_flow_latency_above_threshold,communication_process,link_quality.latency_ms,numeric,ms,flow,communication_state.jsonl,link_quality.latency_ms,published_monitor,False
communication.data_flow_latency_above_threshold,communication_process,quality_thresholds.latency_ms,numeric,ms,flow,communication_state.jsonl,quality_thresholds.latency_ms,governed_row_parameter,False
communication.data_flow_latency_above_threshold,communication_process,requirement.status,categorical,state-code,flow,communication_state.jsonl,requirement.status,publisher_requirement,False
communication.packet_loss_above_threshold,communication_process,link_quality.packet_loss_ratio,numeric,ratio,flow,communication_state.jsonl,link_quality.packet_loss_ratio,published_monitor,False
communication.packet_loss_above_threshold,communication_process,quality_thresholds.packet_loss_ratio,numeric,ratio,flow,communication_state.jsonl,quality_thresholds.packet_loss_ratio,governed_row_parameter,False
communication.packet_loss_above_threshold,communication_process,requirement.status,categorical,state-code,flow,communication_state.jsonl,requirement.status,publisher_requirement,False
communication.retransmission_in_progress,communication_process,requirement.status,categorical,state-code,retransmission,communication_state.jsonl,requirement.status,publisher_requirement,False
communication.retransmission_in_progress,communication_process,retransmission.count,integer,count,retransmission,communication_state.jsonl,retransmission.count,published_monitor,False
compute.compute_node_unavailable,computation_process,failure.requirement_status,categorical,state-code,node,compute_state.jsonl,failure.requirement_status,publisher_requirement,False
compute.compute_node_unavailable,computation_process,node_availability.available,boolean,nonmeasurement,node,compute_state.jsonl,node_availability.available,published_monitor,False
compute.compute_task_queued,computation_process,failure.requirement_status,categorical,state-code,queue|task,compute_state.jsonl,failure.requirement_status,publisher_requirement,False
compute.compute_task_queued,computation_process,queue_depth,integer,count,queue|task,compute_state.jsonl,queue_depth,published_monitor,False
compute.compute_resource_over_allocated,computation_process,capacity.cpu_cores,numeric,cores,node,compute_state.jsonl,capacity.cpu_cores,published_monitor,False
compute.compute_resource_over_allocated,computation_process,capacity.gpu_units,numeric,gpu_units,node,compute_state.jsonl,capacity.gpu_units,published_monitor,False
compute.compute_resource_over_allocated,computation_process,capacity.memory_mb,numeric,MB,node,compute_state.jsonl,capacity.memory_mb,published_monitor,False
compute.compute_resource_over_allocated,computation_process,failure.requirement_status,categorical,state-code,node,compute_state.jsonl,failure.requirement_status,publisher_requirement,False
compute.compute_resource_over_allocated,computation_process,resource_request.cpu_cores,numeric,cores,node,compute_state.jsonl,resource_request.cpu_cores,published_monitor,False
compute.compute_resource_over_allocated,computation_process,resource_request.gpu_units,numeric,gpu_units,node,compute_state.jsonl,resource_request.gpu_units,published_monitor,False
compute.compute_resource_over_allocated,computation_process,resource_request.memory_mb,numeric,MB,node,compute_state.jsonl,resource_request.memory_mb,published_monitor,False
compute.compute_task_offloaded,computation_process,failure.requirement_status,categorical,state-code,task,compute_state.jsonl,failure.requirement_status,publisher_requirement,False
compute.compute_task_offloaded,computation_process,offload.enabled,boolean,nonmeasurement,task,compute_state.jsonl,offload.enabled,published_monitor,False
compute.compute_task_migrating,computation_process,failure.requirement_status,categorical,state-code,task,compute_state.jsonl,failure.requirement_status,publisher_requirement,False
compute.compute_task_migrating,computation_process,migration.active,boolean,nonmeasurement,task,compute_state.jsonl,migration.active,published_monitor,False
compute.compute_task_execution_failed,computation_process,execution_state,categorical,nonmeasurement,task,compute_state.jsonl,execution_state,published_monitor,False
compute.compute_task_execution_failed,computation_process,failure.requirement_status,categorical,state-code,task,compute_state.jsonl,failure.requirement_status,publisher_requirement,False
compute.compute_task_deadline_missed,computation_process,deadline.status,categorical,state-code,task,compute_state.jsonl,deadline.status,published_monitor,False
positioning.gnss_quality_degraded,positioning_navigation,domain.gnss_navigation.quality_level,categorical,state-code,actor,domain_state_supplement/domain_state_observations.jsonl,domain.gnss_navigation.quality_level,KNOWN only from admitted actual scoped source; absent is UNKNOWN,False
positioning.gnss_spoofing_active,positioning_navigation,domain.gnss_navigation.gnss_spoofed,boolean,bool,actor,domain_state_supplement/domain_state_observations.jsonl,domain.gnss_navigation.gnss_spoofed,KNOWN only from admitted actual scoped source; absent is UNKNOWN,False
positioning.navigation_error_exceeds_tolerance,positioning_navigation,domain.gnss_navigation.position_error_m,numeric,m,actor,domain_state_supplement/domain_state_observations.jsonl,domain.gnss_navigation.position_error_m,KNOWN only from admitted actual scoped source; absent is UNKNOWN,False
positioning.aircraft_deviates_from_planned_route,positioning_navigation,navigation.path_deviation,boolean,bool,actor,derived/control_response_state,navigation.path_deviation,KNOWN only from admitted actual scoped source; absent is UNKNOWN,False
environment.rain_active,environment_hazard,weather.rain,numeric,ratio,region,truth/weather_meta.jsonl,weather.rain,KNOWN only from admitted actual scoped source; absent is UNKNOWN,False
environment.fog_active,environment_hazard,weather.fog_density,numeric,ratio,region,truth/weather_meta.jsonl,weather.fog_density,KNOWN only from admitted actual scoped source; absent is UNKNOWN,False
environment.visibility_below_threshold,environment_hazard,weather.visibility_m,numeric,m,region,truth/weather_meta.jsonl,weather.visibility_m,KNOWN only from admitted actual scoped source; absent is UNKNOWN,False
environment.wind_speed_above_threshold,environment_hazard,weather.wind_speed,numeric,m/s,region,truth/weather_meta.jsonl,weather.wind_speed,KNOWN only from admitted actual scoped source; absent is UNKNOWN,False
environment.low_illumination_active,environment_hazard,weather.illumination_lux,numeric,lux,region,truth/weather_meta.jsonl,weather.illumination_lux,KNOWN only from admitted actual scoped source; absent is UNKNOWN,False
environment.temperature_outside_operating_range,environment_hazard,weather.temperature_c,numeric,degC,region,truth/weather_meta.jsonl,weather.temperature_c,KNOWN only from admitted actual scoped source; absent is UNKNOWN,False
security.ground_control_station_compromised,digital_security,domain.security_command.auth_state,categorical,state-code,station,domain_state_supplement/domain_state_observations.jsonl,domain.security_command.auth_state,KNOWN only from admitted actual scoped source; absent is UNKNOWN,False
security.communication_jamming_impact_active,digital_security,domain.security_command.jamming_indicator,boolean,bool,actor|station,domain_state_supplement/domain_state_observations.jsonl,domain.security_command.jamming_indicator,KNOWN only from admitted actual scoped source; absent is UNKNOWN,False
emergency.temporary_no_fly_zone_active,operational_constraint_emergency,state.restricted_region_active,boolean,bool,region,derived/runtime_region_state,scene.restricted_region_active,KNOWN only from admitted actual scoped source; absent is UNKNOWN,False
emergency.emergency_isolation_active,operational_constraint_emergency,scene.emergency_isolation_active,boolean,bool,zone,domain_state_supplement/domain_state_observations.jsonl,scene.emergency_isolation_active,KNOWN only from admitted actual scoped source; absent is UNKNOWN,False
emergency.aircraft_in_return_to_home,operational_constraint_emergency,plan.rth_mode_active,boolean,bool,actor,derived/plan_window_computer,plan.rth_mode_active,KNOWN only from admitted actual scoped source; absent is UNKNOWN,False
emergency.mission_aborted,operational_constraint_emergency,control.mission_abort_active,boolean,bool,actor,derived/control_response_state,control.mission_abort_active,KNOWN only from admitted actual scoped source; absent is UNKNOWN,False
emergency.aircraft_in_safe_hold,operational_constraint_emergency,control.safe_hold_active,boolean,bool,actor,derived/control_response_state,control.safe_hold_active,KNOWN only from admitted actual scoped source; absent is UNKNOWN,False
utm.airspace_authorization_active,utm,utm.authorization.status,categorical,state-code,authorization,utm_supplement/airspace_authorization_log.jsonl,utm.authorization.status,KNOWN only from admitted actual scoped source; absent is UNKNOWN,False
utm.airspace_authorization_revoked,utm,utm.authorization.status,categorical,state-code,authorization,utm_supplement/airspace_authorization_log.jsonl,utm.authorization.status,KNOWN only from admitted actual scoped source; absent is UNKNOWN,False
utm.flight_plan_approved,utm,utm.flight_plan.approval_status,categorical,state-code,flight_plan,utm_supplement/flight_plan_log.jsonl,utm.flight_plan.approval_status,KNOWN only from admitted actual scoped source; absent is UNKNOWN,False
utm.operational_intent_conflict,utm,utm.operational_intent.conflict_active,boolean,bool,first_intent|second_intent,utm_supplement/operational_intent_pair_log.jsonl,utm.operational_intent.conflict_active,KNOWN only from admitted actual scoped source; absent is UNKNOWN,False
utm.deconfliction_active,utm,utm.deconfliction.resolution_status,categorical,state-code,system|aircraft,utm_supplement/deconfliction_log.jsonl,utm.deconfliction.resolution_status,KNOWN only from admitted actual scoped source; absent is UNKNOWN,False
