episode_id,scenario_id,seed,scenario_group_source,capture_index_ref,archive,source_manifest,scene_setup,event_script
L1-1_v1__seed00,L1-1_v1,0,Dataset/scenarios/L1_airspace/interaction,aw_data/capture_archives/parent_complete_210/manifest.json,L1-1_v1__seed00.tar.zst,aw_data/render_ready_episodes_capture_filtered/L1-1_v1__seed00/episode_manifest.json,Dataset/scenarios/L1_airspace/interaction/L1-1_v1/scene_setup.json,Dataset/scenarios/L1_airspace/interaction/L1-1_v1/event_script.json
L1-1_v1__seed01,L1-1_v1,1,Dataset/scenarios/L1_airspace/interaction,aw_data/capture_archives/parent_complete_210/manifest.json,L1-1_v1__seed01.tar.zst,aw_data/render_ready_episodes_capture_filtered/L1-1_v1__seed01/episode_manifest.json,Dataset/scenarios/L1_airspace/interaction/L1-1_v1/scene_setup.json,Dataset/scenarios/L1_airspace/interaction/L1-1_v1/event_script.json
L1-1_v1__seed02,L1-1_v1,2,Dataset/scenarios/L1_airspace/interaction,aw_data/capture_archives/parent_complete_210/manifest.json,L1-1_v1__seed02.tar.zst,aw_data/render_ready_episodes_capture_filtered/L1-1_v1__seed02/episode_manifest.json,Dataset/scenarios/L1_airspace/interaction/L1-1_v1/scene_setup.json,Dataset/scenarios/L1_airspace/interaction/L1-1_v1/event_script.json
L1-1_v2__seed00,L1-1_v2,0,Dataset/scenarios/L1_airspace/interaction,aw_data/capture_archives/parent_complete_210/manifest.json,L1-1_v2__seed00.tar.zst,aw_data/render_ready_episodes_capture_filtered/L1-1_v2__seed00/episode_manifest.json,Dataset/scenarios/L1_airspace/interaction/L1-1_v2/scene_setup.json,Dataset/scenarios/L1_airspace/interaction/L1-1_v2/event_script.json
L1-1_v2__seed01,L1-1_v2,1,Dataset/scenarios/L1_airspace/interaction,aw_data/capture_archives/parent_complete_210/manifest.json,L1-1_v2__seed01.tar.zst,aw_data/render_ready_episodes_capture_filtered/L1-1_v2__seed01/episode_manifest.json,Dataset/scenarios/L1_airspace/interaction/L1-1_v2/scene_setup.json,Dataset/scenarios/L1_airspace/interaction/L1-1_v2/event_script.json
L1-1_v2__seed02,L1-1_v2,2,Dataset/scenarios/L1_airspace/interaction,aw_data/capture_archives/parent_complete_210/manifest.json,L1-1_v2__seed02.tar.zst,aw_data/render_ready_episodes_capture_filtered/L1-1_v2__seed02/episode_manifest.json,Dataset/scenarios/L1_airspace/interaction/L1-1_v2/scene_setup.json,Dataset/scenarios/L1_airspace/interaction/L1-1_v2/event_script.json
L1-2_v1__seed00,L1-2_v1,0,Dataset/scenarios/L1_airspace/interaction,aw_data/capture_archives/parent_complete_210/manifest.json,L1-2_v1__seed00.tar.zst,aw_data/render_ready_episodes_capture_filtered/L1-2_v1__seed00/episode_manifest.json,Dataset/scenarios/L1_airspace/interaction/L1-2_v1/scene_setup.json,Dataset/scenarios/L1_airspace/interaction/L1-2_v1/event_script.json
L1-2_v1__seed01,L1-2_v1,1,Dataset/scenarios/L1_airspace/interaction,aw_data/capture_archives/parent_complete_210/manifest.json,L1-2_v1__seed01.tar.zst,aw_data/render_ready_episodes_capture_filtered/L1-2_v1__seed01/episode_manifest.json,Dataset/scenarios/L1_airspace/interaction/L1-2_v1/scene_setup.json,Dataset/scenarios/L1_airspace/interaction/L1-2_v1/event_script.json
L1-2_v1__seed02,L1-2_v1,2,Dataset/scenarios/L1_airspace/interaction,aw_data/capture_archives/parent_complete_210/manifest.json,L1-2_v1__seed02.tar.zst,aw_data/render_ready_episodes_capture_filtered/L1-2_v1__seed02/episode_manifest.json,Dataset/scenarios/L1_airspace/interaction/L1-2_v1/scene_setup.json,Dataset/scenarios/L1_airspace/interaction/L1-2_v1/event_script.json
L1-3_v1__seed00,L1-3_v1,0,Dataset/scenarios/L1_airspace/interaction,aw_data/capture_archives/parent_complete_210/manifest.json,L1-3_v1__seed00.tar.zst,aw_data/render_ready_episodes_capture_filtered/L1-3_v1__seed00/episode_manifest.json,Dataset/scenarios/L1_airspace/interaction/L1-3_v1/scene_setup.json,Dataset/scenarios/L1_airspace/interaction/L1-3_v1/event_script.json
L1-3_v1__seed01,L1-3_v1,1,Dataset/scenarios/L1_airspace/interaction,aw_data/capture_archives/parent_complete_210/manifest.json,L1-3_v1__seed01.tar.zst,aw_data/render_ready_episodes_capture_filtered/L1-3_v1__seed01/episode_manifest.json,Dataset/scenarios/L1_airspace/interaction/L1-3_v1/scene_setup.json,Dataset/scenarios/L1_airspace/interaction/L1-3_v1/event_script.json
L1-3_v1__seed02,L1-3_v1,2,Dataset/scenarios/L1_airspace/interaction,aw_data/capture_archives/parent_complete_210/manifest.json,L1-3_v1__seed02.tar.zst,aw_data/render_ready_episodes_capture_filtered/L1-3_v1__seed02/episode_manifest.json,Dataset/scenarios/L1_airspace/interaction/L1-3_v1/scene_setup.json,Dataset/scenarios/L1_airspace/interaction/L1-3_v1/event_script.json
L1-3_v2__seed00,L1-3_v2,0,Dataset/scenarios/L1_airspace/interaction,aw_data/capture_archives/parent_complete_210/manifest.json,L1-3_v2__seed00.tar.zst,aw_data/render_ready_episodes_capture_filtered/L1-3_v2__seed00/episode_manifest.json,Dataset/scenarios/L1_airspace/interaction/L1-3_v2/scene_setup.json,Dataset/scenarios/L1_airspace/interaction/L1-3_v2/event_script.json
L1-3_v2__seed01,L1-3_v2,1,Dataset/scenarios/L1_airspace/interaction,aw_data/capture_archives/parent_complete_210/manifest.json,L1-3_v2__seed01.tar.zst,aw_data/render_ready_episodes_capture_filtered/L1-3_v2__seed01/episode_manifest.json,Dataset/scenarios/L1_airspace/interaction/L1-3_v2/scene_setup.json,Dataset/scenarios/L1_airspace/interaction/L1-3_v2/event_script.json
L1-3_v2__seed02,L1-3_v2,2,Dataset/scenarios/L1_airspace/interaction,aw_data/capture_archives/parent_complete_210/manifest.json,L1-3_v2__seed02.tar.zst,aw_data/render_ready_episodes_capture_filtered/L1-3_v2__seed02/episode_manifest.json,Dataset/scenarios/L1_airspace/interaction/L1-3_v2/scene_setup.json,Dataset/scenarios/L1_airspace/interaction/L1-3_v2/event_script.json
L1-4_v1__seed00,L1-4_v1,0,Dataset/scenarios/L1_airspace/interaction,aw_data/capture_archives/parent_complete_210/manifest.json,L1-4_v1__seed00.tar.zst,aw_data/render_ready_episodes_capture_filtered/L1-4_v1__seed00/episode_manifest.json,Dataset/scenarios/L1_airspace/interaction/L1-4_v1/scene_setup.json,Dataset/scenarios/L1_airspace/interaction/L1-4_v1/event_script.json
L1-4_v1__seed01,L1-4_v1,1,Dataset/scenarios/L1_airspace/interaction,aw_data/capture_archives/parent_complete_210/manifest.json,L1-4_v1__seed01.tar.zst,aw_data/render_ready_episodes_capture_filtered/L1-4_v1__seed01/episode_manifest.json,Dataset/scenarios/L1_airspace/interaction/L1-4_v1/scene_setup.json,Dataset/scenarios/L1_airspace/interaction/L1-4_v1/event_script.json
L1-4_v1__seed02,L1-4_v1,2,Dataset/scenarios/L1_airspace/interaction,aw_data/capture_archives/parent_complete_210/manifest.json,L1-4_v1__seed02.tar.zst,aw_data/render_ready_episodes_capture_filtered/L1-4_v1__seed02/episode_manifest.json,Dataset/scenarios/L1_airspace/interaction/L1-4_v1/scene_setup.json,Dataset/scenarios/L1_airspace/interaction/L1-4_v1/event_script.json
L1-4_v2__seed00,L1-4_v2,0,Dataset/scenarios/L1_airspace/interaction,aw_data/capture_archives/parent_complete_210/manifest.json,L1-4_v2__seed00.tar.zst,aw_data/render_ready_episodes_capture_filtered/L1-4_v2__seed00/episode_manifest.json,Dataset/scenarios/L1_airspace/interaction/L1-4_v2/scene_setup.json,Dataset/scenarios/L1_airspace/interaction/L1-4_v2/event_script.json
L1-4_v2__seed01,L1-4_v2,1,Dataset/scenarios/L1_airspace/interaction,aw_data/capture_archives/parent_complete_210/manifest.json,L1-4_v2__seed01.tar.zst,aw_data/render_ready_episodes_capture_filtered/L1-4_v2__seed01/episode_manifest.json,Dataset/scenarios/L1_airspace/interaction/L1-4_v2/scene_setup.json,Dataset/scenarios/L1_airspace/interaction/L1-4_v2/event_script.json
L1-4_v2__seed02,L1-4_v2,2,Dataset/scenarios/L1_airspace/interaction,aw_data/capture_archives/parent_complete_210/manifest.json,L1-4_v2__seed02.tar.zst,aw_data/render_ready_episodes_capture_filtered/L1-4_v2__seed02/episode_manifest.json,Dataset/scenarios/L1_airspace/interaction/L1-4_v2/scene_setup.json,Dataset/scenarios/L1_airspace/interaction/L1-4_v2/event_script.json
L2-1_v1__seed00,L2-1_v1,0,Dataset/scenarios/L2_infrastructure/failure,aw_data/capture_archives/parent_complete_210/manifest.json,L2-1_v1__seed00.tar.zst,aw_data/render_ready_episodes_capture_filtered/L2-1_v1__seed00/episode_manifest.json,Dataset/scenarios/L2_infrastructure/failure/L2-1_v1/scene_setup.json,Dataset/scenarios/L2_infrastructure/failure/L2-1_v1/event_script.json
L2-1_v1__seed01,L2-1_v1,1,Dataset/scenarios/L2_infrastructure/failure,aw_data/capture_archives/parent_complete_210/manifest.json,L2-1_v1__seed01.tar.zst,aw_data/render_ready_episodes_capture_filtered/L2-1_v1__seed01/episode_manifest.json,Dataset/scenarios/L2_infrastructure/failure/L2-1_v1/scene_setup.json,Dataset/scenarios/L2_infrastructure/failure/L2-1_v1/event_script.json
L2-1_v1__seed02,L2-1_v1,2,Dataset/scenarios/L2_infrastructure/failure,aw_data/capture_archives/parent_complete_210/manifest.json,L2-1_v1__seed02.tar.zst,aw_data/render_ready_episodes_capture_filtered/L2-1_v1__seed02/episode_manifest.json,Dataset/scenarios/L2_infrastructure/failure/L2-1_v1/scene_setup.json,Dataset/scenarios/L2_infrastructure/failure/L2-1_v1/event_script.json
L2-1_v2__seed00,L2-1_v2,0,Dataset/scenarios/L2_infrastructure/failure,aw_data/capture_archives/parent_complete_210/manifest.json,L2-1_v2__seed00.tar.zst,aw_data/render_ready_episodes_capture_filtered/L2-1_v2__seed00/episode_manifest.json,Dataset/scenarios/L2_infrastructure/failure/L2-1_v2/scene_setup.json,Dataset/scenarios/L2_infrastructure/failure/L2-1_v2/event_script.json
L2-1_v2__seed01,L2-1_v2,1,Dataset/scenarios/L2_infrastructure/failure,aw_data/capture_archives/parent_complete_210/manifest.json,L2-1_v2__seed01.tar.zst,aw_data/render_ready_episodes_capture_filtered/L2-1_v2__seed01/episode_manifest.json,Dataset/scenarios/L2_infrastructure/failure/L2-1_v2/scene_setup.json,Dataset/scenarios/L2_infrastructure/failure/L2-1_v2/event_script.json
L2-1_v2__seed02,L2-1_v2,2,Dataset/scenarios/L2_infrastructure/failure,aw_data/capture_archives/parent_complete_210/manifest.json,L2-1_v2__seed02.tar.zst,aw_data/render_ready_episodes_capture_filtered/L2-1_v2__seed02/episode_manifest.json,Dataset/scenarios/L2_infrastructure/failure/L2-1_v2/scene_setup.json,Dataset/scenarios/L2_infrastructure/failure/L2-1_v2/event_script.json
L2-2_v1__seed00,L2-2_v1,0,Dataset/scenarios/L2_infrastructure/failure,aw_data/capture_archives/parent_complete_210/manifest.json,L2-2_v1__seed00.tar.zst,aw_data/render_ready_episodes_capture_filtered/L2-2_v1__seed00/episode_manifest.json,Dataset/scenarios/L2_infrastructure/failure/L2-2_v1/scene_setup.json,Dataset/scenarios/L2_infrastructure/failure/L2-2_v1/event_script.json
L2-2_v1__seed01,L2-2_v1,1,Dataset/scenarios/L2_infrastructure/failure,aw_data/capture_archives/parent_complete_210/manifest.json,L2-2_v1__seed01.tar.zst,aw_data/render_ready_episodes_capture_filtered/L2-2_v1__seed01/episode_manifest.json,Dataset/scenarios/L2_infrastructure/failure/L2-2_v1/scene_setup.json,Dataset/scenarios/L2_infrastructure/failure/L2-2_v1/event_script.json
L2-2_v1__seed02,L2-2_v1,2,Dataset/scenarios/L2_infrastructure/failure,aw_data/capture_archives/parent_complete_210/manifest.json,L2-2_v1__seed02.tar.zst,aw_data/render_ready_episodes_capture_filtered/L2-2_v1__seed02/episode_manifest.json,Dataset/scenarios/L2_infrastructure/failure/L2-2_v1/scene_setup.json,Dataset/scenarios/L2_infrastructure/failure/L2-2_v1/event_script.json
L2-2_v2__seed00,L2-2_v2,0,Dataset/scenarios/L2_infrastructure/failure,aw_data/capture_archives/parent_complete_210/manifest.json,L2-2_v2__seed00.tar.zst,aw_data/render_ready_episodes_capture_filtered/L2-2_v2__seed00/episode_manifest.json,Dataset/scenarios/L2_infrastructure/failure/L2-2_v2/scene_setup.json,Dataset/scenarios/L2_infrastructure/failure/L2-2_v2/event_script.json
L2-2_v2__seed01,L2-2_v2,1,Dataset/scenarios/L2_infrastructure/failure,aw_data/capture_archives/parent_complete_210/manifest.json,L2-2_v2__seed01.tar.zst,aw_data/render_ready_episodes_capture_filtered/L2-2_v2__seed01/episode_manifest.json,Dataset/scenarios/L2_infrastructure/failure/L2-2_v2/scene_setup.json,Dataset/scenarios/L2_infrastructure/failure/L2-2_v2/event_script.json
L2-2_v2__seed02,L2-2_v2,2,Dataset/scenarios/L2_infrastructure/failure,aw_data/capture_archives/parent_complete_210/manifest.json,L2-2_v2__seed02.tar.zst,aw_data/render_ready_episodes_capture_filtered/L2-2_v2__seed02/episode_manifest.json,Dataset/scenarios/L2_infrastructure/failure/L2-2_v2/scene_setup.json,Dataset/scenarios/L2_infrastructure/failure/L2-2_v2/event_script.json
L2-3_v1__seed00,L2-3_v1,0,Dataset/scenarios/L2_infrastructure/failure,aw_data/capture_archives/parent_complete_210/manifest.json,L2-3_v1__seed00.tar.zst,aw_data/render_ready_episodes_capture_filtered/L2-3_v1__seed00/episode_manifest.json,Dataset/scenarios/L2_infrastructure/failure/L2-3_v1/scene_setup.json,Dataset/scenarios/L2_infrastructure/failure/L2-3_v1/event_script.json
L2-3_v1__seed01,L2-3_v1,1,Dataset/scenarios/L2_infrastructure/failure,aw_data/capture_archives/parent_complete_210/manifest.json,L2-3_v1__seed01.tar.zst,aw_data/render_ready_episodes_capture_filtered/L2-3_v1__seed01/episode_manifest.json,Dataset/scenarios/L2_infrastructure/failure/L2-3_v1/scene_setup.json,Dataset/scenarios/L2_infrastructure/failure/L2-3_v1/event_script.json
L2-3_v1__seed02,L2-3_v1,2,Dataset/scenarios/L2_infrastructure/failure,aw_data/capture_archives/parent_complete_210/manifest.json,L2-3_v1__seed02.tar.zst,aw_data/render_ready_episodes_capture_filtered/L2-3_v1__seed02/episode_manifest.json,Dataset/scenarios/L2_infrastructure/failure/L2-3_v1/scene_setup.json,Dataset/scenarios/L2_infrastructure/failure/L2-3_v1/event_script.json
L2-3_v2__seed00,L2-3_v2,0,Dataset/scenarios/L2_infrastructure/failure,aw_data/capture_archives/parent_complete_210/manifest.json,L2-3_v2__seed00.tar.zst,aw_data/render_ready_episodes_capture_filtered/L2-3_v2__seed00/episode_manifest.json,Dataset/scenarios/L2_infrastructure/failure/L2-3_v2/scene_setup.json,Dataset/scenarios/L2_infrastructure/failure/L2-3_v2/event_script.json
L2-3_v2__seed01,L2-3_v2,1,Dataset/scenarios/L2_infrastructure/failure,aw_data/capture_archives/parent_complete_210/manifest.json,L2-3_v2__seed01.tar.zst,aw_data/render_ready_episodes_capture_filtered/L2-3_v2__seed01/episode_manifest.json,Dataset/scenarios/L2_infrastructure/failure/L2-3_v2/scene_setup.json,Dataset/scenarios/L2_infrastructure/failure/L2-3_v2/event_script.json
L2-3_v2__seed02,L2-3_v2,2,Dataset/scenarios/L2_infrastructure/failure,aw_data/capture_archives/parent_complete_210/manifest.json,L2-3_v2__seed02.tar.zst,aw_data/render_ready_episodes_capture_filtered/L2-3_v2__seed02/episode_manifest.json,Dataset/scenarios/L2_infrastructure/failure/L2-3_v2/scene_setup.json,Dataset/scenarios/L2_infrastructure/failure/L2-3_v2/event_script.json
L2-4_v1__seed00,L2-4_v1,0,Dataset/scenarios/L2_infrastructure/failure,aw_data/capture_archives/parent_complete_210/manifest.json,L2-4_v1__seed00.tar.zst,aw_data/render_ready_episodes_capture_filtered/L2-4_v1__seed00/episode_manifest.json,Dataset/scenarios/L2_infrastructure/failure/L2-4_v1/scene_setup.json,Dataset/scenarios/L2_infrastructure/failure/L2-4_v1/event_script.json
L2-4_v1__seed01,L2-4_v1,1,Dataset/scenarios/L2_infrastructure/failure,aw_data/capture_archives/parent_complete_210/manifest.json,L2-4_v1__seed01.tar.zst,aw_data/render_ready_episodes_capture_filtered/L2-4_v1__seed01/episode_manifest.json,Dataset/scenarios/L2_infrastructure/failure/L2-4_v1/scene_setup.json,Dataset/scenarios/L2_infrastructure/failure/L2-4_v1/event_script.json
L2-4_v1__seed02,L2-4_v1,2,Dataset/scenarios/L2_infrastructure/failure,aw_data/capture_archives/parent_complete_210/manifest.json,L2-4_v1__seed02.tar.zst,aw_data/render_ready_episodes_capture_filtered/L2-4_v1__seed02/episode_manifest.json,Dataset/scenarios/L2_infrastructure/failure/L2-4_v1/scene_setup.json,Dataset/scenarios/L2_infrastructure/failure/L2-4_v1/event_script.json
L2-4_v2__seed00,L2-4_v2,0,Dataset/scenarios/L2_infrastructure/failure,aw_data/capture_archives/parent_complete_210/manifest.json,L2-4_v2__seed00.tar.zst,aw_data/render_ready_episodes_capture_filtered/L2-4_v2__seed00/episode_manifest.json,Dataset/scenarios/L2_infrastructure/failure/L2-4_v2/scene_setup.json,Dataset/scenarios/L2_infrastructure/failure/L2-4_v2/event_script.json
L2-4_v2__seed01,L2-4_v2,1,Dataset/scenarios/L2_infrastructure/failure,aw_data/capture_archives/parent_complete_210/manifest.json,L2-4_v2__seed01.tar.zst,aw_data/render_ready_episodes_capture_filtered/L2-4_v2__seed01/episode_manifest.json,Dataset/scenarios/L2_infrastructure/failure/L2-4_v2/scene_setup.json,Dataset/scenarios/L2_infrastructure/failure/L2-4_v2/event_script.json
L2-4_v2__seed02,L2-4_v2,2,Dataset/scenarios/L2_infrastructure/failure,aw_data/capture_archives/parent_complete_210/manifest.json,L2-4_v2__seed02.tar.zst,aw_data/render_ready_episodes_capture_filtered/L2-4_v2__seed02/episode_manifest.json,Dataset/scenarios/L2_infrastructure/failure/L2-4_v2/scene_setup.json,Dataset/scenarios/L2_infrastructure/failure/L2-4_v2/event_script.json
L2-5_v1__seed00,L2-5_v1,0,Dataset/scenarios/L2_infrastructure/interaction,aw_data/capture_archives/parent_complete_210/manifest.json,L2-5_v1__seed00.tar.zst,aw_data/render_ready_episodes_capture_filtered/L2-5_v1__seed00/episode_manifest.json,Dataset/scenarios/L2_infrastructure/interaction/L2-5_v1/scene_setup.json,Dataset/scenarios/L2_infrastructure/interaction/L2-5_v1/event_script.json
L2-5_v1__seed01,L2-5_v1,1,Dataset/scenarios/L2_infrastructure/interaction,aw_data/capture_archives/parent_complete_210/manifest.json,L2-5_v1__seed01.tar.zst,aw_data/render_ready_episodes_capture_filtered/L2-5_v1__seed01/episode_manifest.json,Dataset/scenarios/L2_infrastructure/interaction/L2-5_v1/scene_setup.json,Dataset/scenarios/L2_infrastructure/interaction/L2-5_v1/event_script.json
L2-5_v1__seed02,L2-5_v1,2,Dataset/scenarios/L2_infrastructure/interaction,aw_data/capture_archives/parent_complete_210/manifest.json,L2-5_v1__seed02.tar.zst,aw_data/render_ready_episodes_capture_filtered/L2-5_v1__seed02/episode_manifest.json,Dataset/scenarios/L2_infrastructure/interaction/L2-5_v1/scene_setup.json,Dataset/scenarios/L2_infrastructure/interaction/L2-5_v1/event_script.json
L3-1_v1__seed00,L3-1_v1,0,Dataset/scenarios/L3_dynamic_constraints/interaction,aw_data/capture_archives/parent_complete_210/manifest.json,L3-1_v1__seed00.tar.zst,aw_data/render_ready_episodes_capture_filtered/L3-1_v1__seed00/episode_manifest.json,Dataset/scenarios/L3_dynamic_constraints/interaction/L3-1_v1/scene_setup.json,Dataset/scenarios/L3_dynamic_constraints/interaction/L3-1_v1/event_script.json
L3-1_v1__seed01,L3-1_v1,1,Dataset/scenarios/L3_dynamic_constraints/interaction,aw_data/capture_archives/parent_complete_210/manifest.json,L3-1_v1__seed01.tar.zst,aw_data/render_ready_episodes_capture_filtered/L3-1_v1__seed01/episode_manifest.json,Dataset/scenarios/L3_dynamic_constraints/interaction/L3-1_v1/scene_setup.json,Dataset/scenarios/L3_dynamic_constraints/interaction/L3-1_v1/event_script.json
L3-1_v1__seed02,L3-1_v1,2,Dataset/scenarios/L3_dynamic_constraints/interaction,aw_data/capture_archives/parent_complete_210/manifest.json,L3-1_v1__seed02.tar.zst,aw_data/render_ready_episodes_capture_filtered/L3-1_v1__seed02/episode_manifest.json,Dataset/scenarios/L3_dynamic_constraints/interaction/L3-1_v1/scene_setup.json,Dataset/scenarios/L3_dynamic_constraints/interaction/L3-1_v1/event_script.json
L3-2_v1__seed00,L3-2_v1,0,Dataset/scenarios/L3_dynamic_constraints/interaction,aw_data/capture_archives/parent_complete_210/manifest.json,L3-2_v1__seed00.tar.zst,aw_data/render_ready_episodes_capture_filtered/L3-2_v1__seed00/episode_manifest.json,Dataset/scenarios/L3_dynamic_constraints/interaction/L3-2_v1/scene_setup.json,Dataset/scenarios/L3_dynamic_constraints/interaction/L3-2_v1/event_script.json
L3-2_v1__seed01,L3-2_v1,1,Dataset/scenarios/L3_dynamic_constraints/interaction,aw_data/capture_archives/parent_complete_210/manifest.json,L3-2_v1__seed01.tar.zst,aw_data/render_ready_episodes_capture_filtered/L3-2_v1__seed01/episode_manifest.json,Dataset/scenarios/L3_dynamic_constraints/interaction/L3-2_v1/scene_setup.json,Dataset/scenarios/L3_dynamic_constraints/interaction/L3-2_v1/event_script.json
L3-2_v1__seed02,L3-2_v1,2,Dataset/scenarios/L3_dynamic_constraints/interaction,aw_data/capture_archives/parent_complete_210/manifest.json,L3-2_v1__seed02.tar.zst,aw_data/render_ready_episodes_capture_filtered/L3-2_v1__seed02/episode_manifest.json,Dataset/scenarios/L3_dynamic_constraints/interaction/L3-2_v1/scene_setup.json,Dataset/scenarios/L3_dynamic_constraints/interaction/L3-2_v1/event_script.json
L3-2_v2__seed00,L3-2_v2,0,Dataset/scenarios/L3_dynamic_constraints/interaction,aw_data/capture_archives/parent_complete_210/manifest.json,L3-2_v2__seed00.tar.zst,aw_data/render_ready_episodes_capture_filtered/L3-2_v2__seed00/episode_manifest.json,Dataset/scenarios/L3_dynamic_constraints/interaction/L3-2_v2/scene_setup.json,Dataset/scenarios/L3_dynamic_constraints/interaction/L3-2_v2/event_script.json
L3-2_v2__seed01,L3-2_v2,1,Dataset/scenarios/L3_dynamic_constraints/interaction,aw_data/capture_archives/parent_complete_210/manifest.json,L3-2_v2__seed01.tar.zst,aw_data/render_ready_episodes_capture_filtered/L3-2_v2__seed01/episode_manifest.json,Dataset/scenarios/L3_dynamic_constraints/interaction/L3-2_v2/scene_setup.json,Dataset/scenarios/L3_dynamic_constraints/interaction/L3-2_v2/event_script.json
L3-2_v2__seed02,L3-2_v2,2,Dataset/scenarios/L3_dynamic_constraints/interaction,aw_data/capture_archives/parent_complete_210/manifest.json,L3-2_v2__seed02.tar.zst,aw_data/render_ready_episodes_capture_filtered/L3-2_v2__seed02/episode_manifest.json,Dataset/scenarios/L3_dynamic_constraints/interaction/L3-2_v2/scene_setup.json,Dataset/scenarios/L3_dynamic_constraints/interaction/L3-2_v2/event_script.json
L3-3_v1__seed00,L3-3_v1,0,Dataset/scenarios/L3_dynamic_constraints/interaction,aw_data/capture_archives/parent_complete_210/manifest.json,L3-3_v1__seed00.tar.zst,aw_data/render_ready_episodes_capture_filtered/L3-3_v1__seed00/episode_manifest.json,Dataset/scenarios/L3_dynamic_constraints/interaction/L3-3_v1/scene_setup.json,Dataset/scenarios/L3_dynamic_constraints/interaction/L3-3_v1/event_script.json
L3-3_v1__seed01,L3-3_v1,1,Dataset/scenarios/L3_dynamic_constraints/interaction,aw_data/capture_archives/parent_complete_210/manifest.json,L3-3_v1__seed01.tar.zst,aw_data/render_ready_episodes_capture_filtered/L3-3_v1__seed01/episode_manifest.json,Dataset/scenarios/L3_dynamic_constraints/interaction/L3-3_v1/scene_setup.json,Dataset/scenarios/L3_dynamic_constraints/interaction/L3-3_v1/event_script.json
L3-3_v1__seed02,L3-3_v1,2,Dataset/scenarios/L3_dynamic_constraints/interaction,aw_data/capture_archives/parent_complete_210/manifest.json,L3-3_v1__seed02.tar.zst,aw_data/render_ready_episodes_capture_filtered/L3-3_v1__seed02/episode_manifest.json,Dataset/scenarios/L3_dynamic_constraints/interaction/L3-3_v1/scene_setup.json,Dataset/scenarios/L3_dynamic_constraints/interaction/L3-3_v1/event_script.json
L3-3_v2__seed00,L3-3_v2,0,Dataset/scenarios/L3_dynamic_constraints/interaction,aw_data/capture_archives/parent_complete_210/manifest.json,L3-3_v2__seed00.tar.zst,aw_data/render_ready_episodes_capture_filtered/L3-3_v2__seed00/episode_manifest.json,Dataset/scenarios/L3_dynamic_constraints/interaction/L3-3_v2/scene_setup.json,Dataset/scenarios/L3_dynamic_constraints/interaction/L3-3_v2/event_script.json
L3-3_v2__seed01,L3-3_v2,1,Dataset/scenarios/L3_dynamic_constraints/interaction,aw_data/capture_archives/parent_complete_210/manifest.json,L3-3_v2__seed01.tar.zst,aw_data/render_ready_episodes_capture_filtered/L3-3_v2__seed01/episode_manifest.json,Dataset/scenarios/L3_dynamic_constraints/interaction/L3-3_v2/scene_setup.json,Dataset/scenarios/L3_dynamic_constraints/interaction/L3-3_v2/event_script.json
L3-3_v2__seed02,L3-3_v2,2,Dataset/scenarios/L3_dynamic_constraints/interaction,aw_data/capture_archives/parent_complete_210/manifest.json,L3-3_v2__seed02.tar.zst,aw_data/render_ready_episodes_capture_filtered/L3-3_v2__seed02/episode_manifest.json,Dataset/scenarios/L3_dynamic_constraints/interaction/L3-3_v2/scene_setup.json,Dataset/scenarios/L3_dynamic_constraints/interaction/L3-3_v2/event_script.json
L4-10_v1__seed00,L4-10_v1,0,Dataset/scenarios/L4_agents/interaction,aw_data/capture_archives/parent_complete_210/manifest.json,L4-10_v1__seed00.tar.zst,aw_data/render_ready_episodes_capture_filtered/L4-10_v1__seed00/episode_manifest.json,Dataset/scenarios/L4_agents/interaction/L4-10_v1/scene_setup.json,Dataset/scenarios/L4_agents/interaction/L4-10_v1/event_script.json
L4-10_v1__seed01,L4-10_v1,1,Dataset/scenarios/L4_agents/interaction,aw_data/capture_archives/parent_complete_210/manifest.json,L4-10_v1__seed01.tar.zst,aw_data/render_ready_episodes_capture_filtered/L4-10_v1__seed01/episode_manifest.json,Dataset/scenarios/L4_agents/interaction/L4-10_v1/scene_setup.json,Dataset/scenarios/L4_agents/interaction/L4-10_v1/event_script.json
L4-10_v1__seed02,L4-10_v1,2,Dataset/scenarios/L4_agents/interaction,aw_data/capture_archives/parent_complete_210/manifest.json,L4-10_v1__seed02.tar.zst,aw_data/render_ready_episodes_capture_filtered/L4-10_v1__seed02/episode_manifest.json,Dataset/scenarios/L4_agents/interaction/L4-10_v1/scene_setup.json,Dataset/scenarios/L4_agents/interaction/L4-10_v1/event_script.json
L4-10_v2__seed00,L4-10_v2,0,Dataset/scenarios/L4_agents/interaction,aw_data/capture_archives/parent_complete_210/manifest.json,L4-10_v2__seed00.tar.zst,aw_data/render_ready_episodes_capture_filtered/L4-10_v2__seed00/episode_manifest.json,Dataset/scenarios/L4_agents/interaction/L4-10_v2/scene_setup.json,Dataset/scenarios/L4_agents/interaction/L4-10_v2/event_script.json
L4-10_v2__seed01,L4-10_v2,1,Dataset/scenarios/L4_agents/interaction,aw_data/capture_archives/parent_complete_210/manifest.json,L4-10_v2__seed01.tar.zst,aw_data/render_ready_episodes_capture_filtered/L4-10_v2__seed01/episode_manifest.json,Dataset/scenarios/L4_agents/interaction/L4-10_v2/scene_setup.json,Dataset/scenarios/L4_agents/interaction/L4-10_v2/event_script.json
L4-10_v2__seed02,L4-10_v2,2,Dataset/scenarios/L4_agents/interaction,aw_data/capture_archives/parent_complete_210/manifest.json,L4-10_v2__seed02.tar.zst,aw_data/render_ready_episodes_capture_filtered/L4-10_v2__seed02/episode_manifest.json,Dataset/scenarios/L4_agents/interaction/L4-10_v2/scene_setup.json,Dataset/scenarios/L4_agents/interaction/L4-10_v2/event_script.json
L4-11_v1__seed00,L4-11_v1,0,Dataset/scenarios/L4_agents/failure,aw_data/capture_archives/parent_complete_210/manifest.json,L4-11_v1__seed00.tar.zst,aw_data/render_ready_episodes_capture_filtered/L4-11_v1__seed00/episode_manifest.json,Dataset/scenarios/L4_agents/failure/L4-11_v1/scene_setup.json,Dataset/scenarios/L4_agents/failure/L4-11_v1/event_script.json
L4-11_v1__seed01,L4-11_v1,1,Dataset/scenarios/L4_agents/failure,aw_data/capture_archives/parent_complete_210/manifest.json,L4-11_v1__seed01.tar.zst,aw_data/render_ready_episodes_capture_filtered/L4-11_v1__seed01/episode_manifest.json,Dataset/scenarios/L4_agents/failure/L4-11_v1/scene_setup.json,Dataset/scenarios/L4_agents/failure/L4-11_v1/event_script.json
L4-11_v1__seed02,L4-11_v1,2,Dataset/scenarios/L4_agents/failure,aw_data/capture_archives/parent_complete_210/manifest.json,L4-11_v1__seed02.tar.zst,aw_data/render_ready_episodes_capture_filtered/L4-11_v1__seed02/episode_manifest.json,Dataset/scenarios/L4_agents/failure/L4-11_v1/scene_setup.json,Dataset/scenarios/L4_agents/failure/L4-11_v1/event_script.json
L4-11_v2__seed00,L4-11_v2,0,Dataset/scenarios/L4_agents/failure,aw_data/capture_archives/parent_complete_210/manifest.json,L4-11_v2__seed00.tar.zst,aw_data/render_ready_episodes_capture_filtered/L4-11_v2__seed00/episode_manifest.json,Dataset/scenarios/L4_agents/failure/L4-11_v2/scene_setup.json,Dataset/scenarios/L4_agents/failure/L4-11_v2/event_script.json
L4-11_v2__seed01,L4-11_v2,1,Dataset/scenarios/L4_agents/failure,aw_data/capture_archives/parent_complete_210/manifest.json,L4-11_v2__seed01.tar.zst,aw_data/render_ready_episodes_capture_filtered/L4-11_v2__seed01/episode_manifest.json,Dataset/scenarios/L4_agents/failure/L4-11_v2/scene_setup.json,Dataset/scenarios/L4_agents/failure/L4-11_v2/event_script.json
L4-11_v2__seed02,L4-11_v2,2,Dataset/scenarios/L4_agents/failure,aw_data/capture_archives/parent_complete_210/manifest.json,L4-11_v2__seed02.tar.zst,aw_data/render_ready_episodes_capture_filtered/L4-11_v2__seed02/episode_manifest.json,Dataset/scenarios/L4_agents/failure/L4-11_v2/scene_setup.json,Dataset/scenarios/L4_agents/failure/L4-11_v2/event_script.json
L4-1_v1__seed00,L4-1_v1,0,Dataset/scenarios/L4_agents/collision,aw_data/capture_archives/parent_complete_210/manifest.json,L4-1_v1__seed00.tar.zst,aw_data/render_ready_episodes_capture_filtered/L4-1_v1__seed00/episode_manifest.json,Dataset/scenarios/L4_agents/collision/L4-1_v1/scene_setup.json,Dataset/scenarios/L4_agents/collision/L4-1_v1/event_script.json
L4-1_v1__seed01,L4-1_v1,1,Dataset/scenarios/L4_agents/collision,aw_data/capture_archives/parent_complete_210/manifest.json,L4-1_v1__seed01.tar.zst,aw_data/render_ready_episodes_capture_filtered/L4-1_v1__seed01/episode_manifest.json,Dataset/scenarios/L4_agents/collision/L4-1_v1/scene_setup.json,Dataset/scenarios/L4_agents/collision/L4-1_v1/event_script.json
L4-1_v1__seed02,L4-1_v1,2,Dataset/scenarios/L4_agents/collision,aw_data/capture_archives/parent_complete_210/manifest.json,L4-1_v1__seed02.tar.zst,aw_data/render_ready_episodes_capture_filtered/L4-1_v1__seed02/episode_manifest.json,Dataset/scenarios/L4_agents/collision/L4-1_v1/scene_setup.json,Dataset/scenarios/L4_agents/collision/L4-1_v1/event_script.json
L4-1_v2__seed00,L4-1_v2,0,Dataset/scenarios/L4_agents/collision,aw_data/capture_archives/parent_complete_210/manifest.json,L4-1_v2__seed00.tar.zst,aw_data/render_ready_episodes_capture_filtered/L4-1_v2__seed00/episode_manifest.json,Dataset/scenarios/L4_agents/collision/L4-1_v2/scene_setup.json,Dataset/scenarios/L4_agents/collision/L4-1_v2/event_script.json
L4-1_v2__seed01,L4-1_v2,1,Dataset/scenarios/L4_agents/collision,aw_data/capture_archives/parent_complete_210/manifest.json,L4-1_v2__seed01.tar.zst,aw_data/render_ready_episodes_capture_filtered/L4-1_v2__seed01/episode_manifest.json,Dataset/scenarios/L4_agents/collision/L4-1_v2/scene_setup.json,Dataset/scenarios/L4_agents/collision/L4-1_v2/event_script.json
L4-1_v2__seed02,L4-1_v2,2,Dataset/scenarios/L4_agents/collision,aw_data/capture_archives/parent_complete_210/manifest.json,L4-1_v2__seed02.tar.zst,aw_data/render_ready_episodes_capture_filtered/L4-1_v2__seed02/episode_manifest.json,Dataset/scenarios/L4_agents/collision/L4-1_v2/scene_setup.json,Dataset/scenarios/L4_agents/collision/L4-1_v2/event_script.json
L4-2_v1__seed00,L4-2_v1,0,Dataset/scenarios/L4_agents/collision,aw_data/capture_archives/parent_complete_210/manifest.json,L4-2_v1__seed00.tar.zst,aw_data/render_ready_episodes_capture_filtered/L4-2_v1__seed00/episode_manifest.json,Dataset/scenarios/L4_agents/collision/L4-2_v1/scene_setup.json,Dataset/scenarios/L4_agents/collision/L4-2_v1/event_script.json
L4-2_v1__seed01,L4-2_v1,1,Dataset/scenarios/L4_agents/collision,aw_data/capture_archives/parent_complete_210/manifest.json,L4-2_v1__seed01.tar.zst,aw_data/render_ready_episodes_capture_filtered/L4-2_v1__seed01/episode_manifest.json,Dataset/scenarios/L4_agents/collision/L4-2_v1/scene_setup.json,Dataset/scenarios/L4_agents/collision/L4-2_v1/event_script.json
L4-2_v1__seed02,L4-2_v1,2,Dataset/scenarios/L4_agents/collision,aw_data/capture_archives/parent_complete_210/manifest.json,L4-2_v1__seed02.tar.zst,aw_data/render_ready_episodes_capture_filtered/L4-2_v1__seed02/episode_manifest.json,Dataset/scenarios/L4_agents/collision/L4-2_v1/scene_setup.json,Dataset/scenarios/L4_agents/collision/L4-2_v1/event_script.json
L4-2_v2__seed00,L4-2_v2,0,Dataset/scenarios/L4_agents/collision,aw_data/capture_archives/parent_complete_210/manifest.json,L4-2_v2__seed00.tar.zst,aw_data/render_ready_episodes_capture_filtered/L4-2_v2__seed00/episode_manifest.json,Dataset/scenarios/L4_agents/collision/L4-2_v2/scene_setup.json,Dataset/scenarios/L4_agents/collision/L4-2_v2/event_script.json
L4-2_v2__seed01,L4-2_v2,1,Dataset/scenarios/L4_agents/collision,aw_data/capture_archives/parent_complete_210/manifest.json,L4-2_v2__seed01.tar.zst,aw_data/render_ready_episodes_capture_filtered/L4-2_v2__seed01/episode_manifest.json,Dataset/scenarios/L4_agents/collision/L4-2_v2/scene_setup.json,Dataset/scenarios/L4_agents/collision/L4-2_v2/event_script.json
L4-2_v2__seed02,L4-2_v2,2,Dataset/scenarios/L4_agents/collision,aw_data/capture_archives/parent_complete_210/manifest.json,L4-2_v2__seed02.tar.zst,aw_data/render_ready_episodes_capture_filtered/L4-2_v2__seed02/episode_manifest.json,Dataset/scenarios/L4_agents/collision/L4-2_v2/scene_setup.json,Dataset/scenarios/L4_agents/collision/L4-2_v2/event_script.json
L4-3_v1__seed00,L4-3_v1,0,Dataset/scenarios/L4_agents/failure,aw_data/capture_archives/parent_complete_210/manifest.json,L4-3_v1__seed00.tar.zst,aw_data/render_ready_episodes_capture_filtered/L4-3_v1__seed00/episode_manifest.json,Dataset/scenarios/L4_agents/failure/L4-3_v1/scene_setup.json,Dataset/scenarios/L4_agents/failure/L4-3_v1/event_script.json
L4-3_v1__seed01,L4-3_v1,1,Dataset/scenarios/L4_agents/failure,aw_data/capture_archives/parent_complete_210/manifest.json,L4-3_v1__seed01.tar.zst,aw_data/render_ready_episodes_capture_filtered/L4-3_v1__seed01/episode_manifest.json,Dataset/scenarios/L4_agents/failure/L4-3_v1/scene_setup.json,Dataset/scenarios/L4_agents/failure/L4-3_v1/event_script.json
L4-3_v1__seed02,L4-3_v1,2,Dataset/scenarios/L4_agents/failure,aw_data/capture_archives/parent_complete_210/manifest.json,L4-3_v1__seed02.tar.zst,aw_data/render_ready_episodes_capture_filtered/L4-3_v1__seed02/episode_manifest.json,Dataset/scenarios/L4_agents/failure/L4-3_v1/scene_setup.json,Dataset/scenarios/L4_agents/failure/L4-3_v1/event_script.json
L4-3_v2__seed00,L4-3_v2,0,Dataset/scenarios/L4_agents/failure,aw_data/capture_archives/parent_complete_210/manifest.json,L4-3_v2__seed00.tar.zst,aw_data/render_ready_episodes_capture_filtered/L4-3_v2__seed00/episode_manifest.json,Dataset/scenarios/L4_agents/failure/L4-3_v2/scene_setup.json,Dataset/scenarios/L4_agents/failure/L4-3_v2/event_script.json
L4-3_v2__seed01,L4-3_v2,1,Dataset/scenarios/L4_agents/failure,aw_data/capture_archives/parent_complete_210/manifest.json,L4-3_v2__seed01.tar.zst,aw_data/render_ready_episodes_capture_filtered/L4-3_v2__seed01/episode_manifest.json,Dataset/scenarios/L4_agents/failure/L4-3_v2/scene_setup.json,Dataset/scenarios/L4_agents/failure/L4-3_v2/event_script.json
L4-3_v2__seed02,L4-3_v2,2,Dataset/scenarios/L4_agents/failure,aw_data/capture_archives/parent_complete_210/manifest.json,L4-3_v2__seed02.tar.zst,aw_data/render_ready_episodes_capture_filtered/L4-3_v2__seed02/episode_manifest.json,Dataset/scenarios/L4_agents/failure/L4-3_v2/scene_setup.json,Dataset/scenarios/L4_agents/failure/L4-3_v2/event_script.json
L4-3_v3__seed00,L4-3_v3,0,Dataset/scenarios/L4_agents/failure,aw_data/capture_archives/parent_complete_210/manifest.json,L4-3_v3__seed00.tar.zst,aw_data/render_ready_episodes_capture_filtered/L4-3_v3__seed00/episode_manifest.json,Dataset/scenarios/L4_agents/failure/L4-3_v3/scene_setup.json,Dataset/scenarios/L4_agents/failure/L4-3_v3/event_script.json
L4-3_v3__seed01,L4-3_v3,1,Dataset/scenarios/L4_agents/failure,aw_data/capture_archives/parent_complete_210/manifest.json,L4-3_v3__seed01.tar.zst,aw_data/render_ready_episodes_capture_filtered/L4-3_v3__seed01/episode_manifest.json,Dataset/scenarios/L4_agents/failure/L4-3_v3/scene_setup.json,Dataset/scenarios/L4_agents/failure/L4-3_v3/event_script.json
L4-3_v3__seed02,L4-3_v3,2,Dataset/scenarios/L4_agents/failure,aw_data/capture_archives/parent_complete_210/manifest.json,L4-3_v3__seed02.tar.zst,aw_data/render_ready_episodes_capture_filtered/L4-3_v3__seed02/episode_manifest.json,Dataset/scenarios/L4_agents/failure/L4-3_v3/scene_setup.json,Dataset/scenarios/L4_agents/failure/L4-3_v3/event_script.json
L4-4_v1__seed00,L4-4_v1,0,Dataset/scenarios/L4_agents/collision,aw_data/capture_archives/parent_complete_210/manifest.json,L4-4_v1__seed00.tar.zst,aw_data/render_ready_episodes_capture_filtered/L4-4_v1__seed00/episode_manifest.json,Dataset/scenarios/L4_agents/collision/L4-4_v1/scene_setup.json,Dataset/scenarios/L4_agents/collision/L4-4_v1/event_script.json
L4-4_v1__seed01,L4-4_v1,1,Dataset/scenarios/L4_agents/collision,aw_data/capture_archives/parent_complete_210/manifest.json,L4-4_v1__seed01.tar.zst,aw_data/render_ready_episodes_capture_filtered/L4-4_v1__seed01/episode_manifest.json,Dataset/scenarios/L4_agents/collision/L4-4_v1/scene_setup.json,Dataset/scenarios/L4_agents/collision/L4-4_v1/event_script.json
L4-4_v1__seed02,L4-4_v1,2,Dataset/scenarios/L4_agents/collision,aw_data/capture_archives/parent_complete_210/manifest.json,L4-4_v1__seed02.tar.zst,aw_data/render_ready_episodes_capture_filtered/L4-4_v1__seed02/episode_manifest.json,Dataset/scenarios/L4_agents/collision/L4-4_v1/scene_setup.json,Dataset/scenarios/L4_agents/collision/L4-4_v1/event_script.json
L4-4_v2__seed00,L4-4_v2,0,Dataset/scenarios/L4_agents/collision,aw_data/capture_archives/parent_complete_210/manifest.json,L4-4_v2__seed00.tar.zst,aw_data/render_ready_episodes_capture_filtered/L4-4_v2__seed00/episode_manifest.json,Dataset/scenarios/L4_agents/collision/L4-4_v2/scene_setup.json,Dataset/scenarios/L4_agents/collision/L4-4_v2/event_script.json
L4-4_v2__seed01,L4-4_v2,1,Dataset/scenarios/L4_agents/collision,aw_data/capture_archives/parent_complete_210/manifest.json,L4-4_v2__seed01.tar.zst,aw_data/render_ready_episodes_capture_filtered/L4-4_v2__seed01/episode_manifest.json,Dataset/scenarios/L4_agents/collision/L4-4_v2/scene_setup.json,Dataset/scenarios/L4_agents/collision/L4-4_v2/event_script.json
L4-4_v2__seed02,L4-4_v2,2,Dataset/scenarios/L4_agents/collision,aw_data/capture_archives/parent_complete_210/manifest.json,L4-4_v2__seed02.tar.zst,aw_data/render_ready_episodes_capture_filtered/L4-4_v2__seed02/episode_manifest.json,Dataset/scenarios/L4_agents/collision/L4-4_v2/scene_setup.json,Dataset/scenarios/L4_agents/collision/L4-4_v2/event_script.json
L4-5_v1__seed00,L4-5_v1,0,Dataset/scenarios/L4_agents/collision,aw_data/capture_archives/parent_complete_210/manifest.json,L4-5_v1__seed00.tar.zst,aw_data/render_ready_episodes_capture_filtered/L4-5_v1__seed00/episode_manifest.json,Dataset/scenarios/L4_agents/collision/L4-5_v1/scene_setup.json,Dataset/scenarios/L4_agents/collision/L4-5_v1/event_script.json
L4-5_v1__seed01,L4-5_v1,1,Dataset/scenarios/L4_agents/collision,aw_data/capture_archives/parent_complete_210/manifest.json,L4-5_v1__seed01.tar.zst,aw_data/render_ready_episodes_capture_filtered/L4-5_v1__seed01/episode_manifest.json,Dataset/scenarios/L4_agents/collision/L4-5_v1/scene_setup.json,Dataset/scenarios/L4_agents/collision/L4-5_v1/event_script.json
L4-5_v1__seed02,L4-5_v1,2,Dataset/scenarios/L4_agents/collision,aw_data/capture_archives/parent_complete_210/manifest.json,L4-5_v1__seed02.tar.zst,aw_data/render_ready_episodes_capture_filtered/L4-5_v1__seed02/episode_manifest.json,Dataset/scenarios/L4_agents/collision/L4-5_v1/scene_setup.json,Dataset/scenarios/L4_agents/collision/L4-5_v1/event_script.json
L4-5_v2__seed00,L4-5_v2,0,Dataset/scenarios/L4_agents/collision,aw_data/capture_archives/parent_complete_210/manifest.json,L4-5_v2__seed00.tar.zst,aw_data/render_ready_episodes_capture_filtered/L4-5_v2__seed00/episode_manifest.json,Dataset/scenarios/L4_agents/collision/L4-5_v2/scene_setup.json,Dataset/scenarios/L4_agents/collision/L4-5_v2/event_script.json
L4-5_v2__seed01,L4-5_v2,1,Dataset/scenarios/L4_agents/collision,aw_data/capture_archives/parent_complete_210/manifest.json,L4-5_v2__seed01.tar.zst,aw_data/render_ready_episodes_capture_filtered/L4-5_v2__seed01/episode_manifest.json,Dataset/scenarios/L4_agents/collision/L4-5_v2/scene_setup.json,Dataset/scenarios/L4_agents/collision/L4-5_v2/event_script.json
L4-5_v2__seed02,L4-5_v2,2,Dataset/scenarios/L4_agents/collision,aw_data/capture_archives/parent_complete_210/manifest.json,L4-5_v2__seed02.tar.zst,aw_data/render_ready_episodes_capture_filtered/L4-5_v2__seed02/episode_manifest.json,Dataset/scenarios/L4_agents/collision/L4-5_v2/scene_setup.json,Dataset/scenarios/L4_agents/collision/L4-5_v2/event_script.json
L4-5_v3__seed00,L4-5_v3,0,Dataset/scenarios/L4_agents/collision,aw_data/capture_archives/parent_complete_210/manifest.json,L4-5_v3__seed00.tar.zst,aw_data/render_ready_episodes_capture_filtered/L4-5_v3__seed00/episode_manifest.json,Dataset/scenarios/L4_agents/collision/L4-5_v3/scene_setup.json,Dataset/scenarios/L4_agents/collision/L4-5_v3/event_script.json
L4-5_v3__seed01,L4-5_v3,1,Dataset/scenarios/L4_agents/collision,aw_data/capture_archives/parent_complete_210/manifest.json,L4-5_v3__seed01.tar.zst,aw_data/render_ready_episodes_capture_filtered/L4-5_v3__seed01/episode_manifest.json,Dataset/scenarios/L4_agents/collision/L4-5_v3/scene_setup.json,Dataset/scenarios/L4_agents/collision/L4-5_v3/event_script.json
L4-5_v3__seed02,L4-5_v3,2,Dataset/scenarios/L4_agents/collision,aw_data/capture_archives/parent_complete_210/manifest.json,L4-5_v3__seed02.tar.zst,aw_data/render_ready_episodes_capture_filtered/L4-5_v3__seed02/episode_manifest.json,Dataset/scenarios/L4_agents/collision/L4-5_v3/scene_setup.json,Dataset/scenarios/L4_agents/collision/L4-5_v3/event_script.json
L4-6_v1__seed00,L4-6_v1,0,Dataset/scenarios/L4_agents/collision,aw_data/capture_archives/parent_complete_210/manifest.json,L4-6_v1__seed00.tar.zst,aw_data/render_ready_episodes_capture_filtered/L4-6_v1__seed00/episode_manifest.json,Dataset/scenarios/L4_agents/collision/L4-6_v1/scene_setup.json,Dataset/scenarios/L4_agents/collision/L4-6_v1/event_script.json
L4-6_v1__seed01,L4-6_v1,1,Dataset/scenarios/L4_agents/collision,aw_data/capture_archives/parent_complete_210/manifest.json,L4-6_v1__seed01.tar.zst,aw_data/render_ready_episodes_capture_filtered/L4-6_v1__seed01/episode_manifest.json,Dataset/scenarios/L4_agents/collision/L4-6_v1/scene_setup.json,Dataset/scenarios/L4_agents/collision/L4-6_v1/event_script.json
L4-6_v1__seed02,L4-6_v1,2,Dataset/scenarios/L4_agents/collision,aw_data/capture_archives/parent_complete_210/manifest.json,L4-6_v1__seed02.tar.zst,aw_data/render_ready_episodes_capture_filtered/L4-6_v1__seed02/episode_manifest.json,Dataset/scenarios/L4_agents/collision/L4-6_v1/scene_setup.json,Dataset/scenarios/L4_agents/collision/L4-6_v1/event_script.json
L4-6_v2__seed00,L4-6_v2,0,Dataset/scenarios/L4_agents/collision,aw_data/capture_archives/parent_complete_210/manifest.json,L4-6_v2__seed00.tar.zst,aw_data/render_ready_episodes_capture_filtered/L4-6_v2__seed00/episode_manifest.json,Dataset/scenarios/L4_agents/collision/L4-6_v2/scene_setup.json,Dataset/scenarios/L4_agents/collision/L4-6_v2/event_script.json
L4-6_v2__seed01,L4-6_v2,1,Dataset/scenarios/L4_agents/collision,aw_data/capture_archives/parent_complete_210/manifest.json,L4-6_v2__seed01.tar.zst,aw_data/render_ready_episodes_capture_filtered/L4-6_v2__seed01/episode_manifest.json,Dataset/scenarios/L4_agents/collision/L4-6_v2/scene_setup.json,Dataset/scenarios/L4_agents/collision/L4-6_v2/event_script.json
L4-6_v2__seed02,L4-6_v2,2,Dataset/scenarios/L4_agents/collision,aw_data/capture_archives/parent_complete_210/manifest.json,L4-6_v2__seed02.tar.zst,aw_data/render_ready_episodes_capture_filtered/L4-6_v2__seed02/episode_manifest.json,Dataset/scenarios/L4_agents/collision/L4-6_v2/scene_setup.json,Dataset/scenarios/L4_agents/collision/L4-6_v2/event_script.json
L4-7_v1__seed00,L4-7_v1,0,Dataset/scenarios/L4_agents/interaction,aw_data/capture_archives/parent_complete_210/manifest.json,L4-7_v1__seed00.tar.zst,aw_data/render_ready_episodes_capture_filtered/L4-7_v1__seed00/episode_manifest.json,Dataset/scenarios/L4_agents/interaction/L4-7_v1/scene_setup.json,Dataset/scenarios/L4_agents/interaction/L4-7_v1/event_script.json
L4-7_v1__seed01,L4-7_v1,1,Dataset/scenarios/L4_agents/interaction,aw_data/capture_archives/parent_complete_210/manifest.json,L4-7_v1__seed01.tar.zst,aw_data/render_ready_episodes_capture_filtered/L4-7_v1__seed01/episode_manifest.json,Dataset/scenarios/L4_agents/interaction/L4-7_v1/scene_setup.json,Dataset/scenarios/L4_agents/interaction/L4-7_v1/event_script.json
L4-7_v1__seed02,L4-7_v1,2,Dataset/scenarios/L4_agents/interaction,aw_data/capture_archives/parent_complete_210/manifest.json,L4-7_v1__seed02.tar.zst,aw_data/render_ready_episodes_capture_filtered/L4-7_v1__seed02/episode_manifest.json,Dataset/scenarios/L4_agents/interaction/L4-7_v1/scene_setup.json,Dataset/scenarios/L4_agents/interaction/L4-7_v1/event_script.json
L4-7_v2__seed00,L4-7_v2,0,Dataset/scenarios/L4_agents/interaction,aw_data/capture_archives/parent_complete_210/manifest.json,L4-7_v2__seed00.tar.zst,aw_data/render_ready_episodes_capture_filtered/L4-7_v2__seed00/episode_manifest.json,Dataset/scenarios/L4_agents/interaction/L4-7_v2/scene_setup.json,Dataset/scenarios/L4_agents/interaction/L4-7_v2/event_script.json
L4-7_v2__seed01,L4-7_v2,1,Dataset/scenarios/L4_agents/interaction,aw_data/capture_archives/parent_complete_210/manifest.json,L4-7_v2__seed01.tar.zst,aw_data/render_ready_episodes_capture_filtered/L4-7_v2__seed01/episode_manifest.json,Dataset/scenarios/L4_agents/interaction/L4-7_v2/scene_setup.json,Dataset/scenarios/L4_agents/interaction/L4-7_v2/event_script.json
L4-7_v2__seed02,L4-7_v2,2,Dataset/scenarios/L4_agents/interaction,aw_data/capture_archives/parent_complete_210/manifest.json,L4-7_v2__seed02.tar.zst,aw_data/render_ready_episodes_capture_filtered/L4-7_v2__seed02/episode_manifest.json,Dataset/scenarios/L4_agents/interaction/L4-7_v2/scene_setup.json,Dataset/scenarios/L4_agents/interaction/L4-7_v2/event_script.json
L4-8_v1__seed00,L4-8_v1,0,Dataset/scenarios/L4_agents/interaction,aw_data/capture_archives/parent_complete_210/manifest.json,L4-8_v1__seed00.tar.zst,aw_data/render_ready_episodes_capture_filtered/L4-8_v1__seed00/episode_manifest.json,Dataset/scenarios/L4_agents/interaction/L4-8_v1/scene_setup.json,Dataset/scenarios/L4_agents/interaction/L4-8_v1/event_script.json
L4-8_v1__seed01,L4-8_v1,1,Dataset/scenarios/L4_agents/interaction,aw_data/capture_archives/parent_complete_210/manifest.json,L4-8_v1__seed01.tar.zst,aw_data/render_ready_episodes_capture_filtered/L4-8_v1__seed01/episode_manifest.json,Dataset/scenarios/L4_agents/interaction/L4-8_v1/scene_setup.json,Dataset/scenarios/L4_agents/interaction/L4-8_v1/event_script.json
L4-8_v1__seed02,L4-8_v1,2,Dataset/scenarios/L4_agents/interaction,aw_data/capture_archives/parent_complete_210/manifest.json,L4-8_v1__seed02.tar.zst,aw_data/render_ready_episodes_capture_filtered/L4-8_v1__seed02/episode_manifest.json,Dataset/scenarios/L4_agents/interaction/L4-8_v1/scene_setup.json,Dataset/scenarios/L4_agents/interaction/L4-8_v1/event_script.json
L4-8_v2__seed00,L4-8_v2,0,Dataset/scenarios/L4_agents/interaction,aw_data/capture_archives/parent_complete_210/manifest.json,L4-8_v2__seed00.tar.zst,aw_data/render_ready_episodes_capture_filtered/L4-8_v2__seed00/episode_manifest.json,Dataset/scenarios/L4_agents/interaction/L4-8_v2/scene_setup.json,Dataset/scenarios/L4_agents/interaction/L4-8_v2/event_script.json
L4-8_v2__seed01,L4-8_v2,1,Dataset/scenarios/L4_agents/interaction,aw_data/capture_archives/parent_complete_210/manifest.json,L4-8_v2__seed01.tar.zst,aw_data/render_ready_episodes_capture_filtered/L4-8_v2__seed01/episode_manifest.json,Dataset/scenarios/L4_agents/interaction/L4-8_v2/scene_setup.json,Dataset/scenarios/L4_agents/interaction/L4-8_v2/event_script.json
L4-8_v2__seed02,L4-8_v2,2,Dataset/scenarios/L4_agents/interaction,aw_data/capture_archives/parent_complete_210/manifest.json,L4-8_v2__seed02.tar.zst,aw_data/render_ready_episodes_capture_filtered/L4-8_v2__seed02/episode_manifest.json,Dataset/scenarios/L4_agents/interaction/L4-8_v2/scene_setup.json,Dataset/scenarios/L4_agents/interaction/L4-8_v2/event_script.json
L4-9_v1__seed00,L4-9_v1,0,Dataset/scenarios/L4_agents/collision,aw_data/capture_archives/parent_complete_210/manifest.json,L4-9_v1__seed00.tar.zst,aw_data/render_ready_episodes_capture_filtered/L4-9_v1__seed00/episode_manifest.json,Dataset/scenarios/L4_agents/collision/L4-9_v1/scene_setup.json,Dataset/scenarios/L4_agents/collision/L4-9_v1/event_script.json
L4-9_v1__seed01,L4-9_v1,1,Dataset/scenarios/L4_agents/collision,aw_data/capture_archives/parent_complete_210/manifest.json,L4-9_v1__seed01.tar.zst,aw_data/render_ready_episodes_capture_filtered/L4-9_v1__seed01/episode_manifest.json,Dataset/scenarios/L4_agents/collision/L4-9_v1/scene_setup.json,Dataset/scenarios/L4_agents/collision/L4-9_v1/event_script.json
L4-9_v1__seed02,L4-9_v1,2,Dataset/scenarios/L4_agents/collision,aw_data/capture_archives/parent_complete_210/manifest.json,L4-9_v1__seed02.tar.zst,aw_data/render_ready_episodes_capture_filtered/L4-9_v1__seed02/episode_manifest.json,Dataset/scenarios/L4_agents/collision/L4-9_v1/scene_setup.json,Dataset/scenarios/L4_agents/collision/L4-9_v1/event_script.json
L4-9_v2__seed00,L4-9_v2,0,Dataset/scenarios/L4_agents/collision,aw_data/capture_archives/parent_complete_210/manifest.json,L4-9_v2__seed00.tar.zst,aw_data/render_ready_episodes_capture_filtered/L4-9_v2__seed00/episode_manifest.json,Dataset/scenarios/L4_agents/collision/L4-9_v2/scene_setup.json,Dataset/scenarios/L4_agents/collision/L4-9_v2/event_script.json
L4-9_v2__seed01,L4-9_v2,1,Dataset/scenarios/L4_agents/collision,aw_data/capture_archives/parent_complete_210/manifest.json,L4-9_v2__seed01.tar.zst,aw_data/render_ready_episodes_capture_filtered/L4-9_v2__seed01/episode_manifest.json,Dataset/scenarios/L4_agents/collision/L4-9_v2/scene_setup.json,Dataset/scenarios/L4_agents/collision/L4-9_v2/event_script.json
L4-9_v2__seed02,L4-9_v2,2,Dataset/scenarios/L4_agents/collision,aw_data/capture_archives/parent_complete_210/manifest.json,L4-9_v2__seed02.tar.zst,aw_data/render_ready_episodes_capture_filtered/L4-9_v2__seed02/episode_manifest.json,Dataset/scenarios/L4_agents/collision/L4-9_v2/scene_setup.json,Dataset/scenarios/L4_agents/collision/L4-9_v2/event_script.json
L5-1_v1__seed00,L5-1_v1,0,Dataset/scenarios/L5_environment/interaction,aw_data/capture_archives/parent_complete_210/manifest.json,L5-1_v1__seed00.tar.zst,aw_data/render_ready_episodes_capture_filtered/L5-1_v1__seed00/episode_manifest.json,Dataset/scenarios/L5_environment/interaction/L5-1_v1/scene_setup.json,Dataset/scenarios/L5_environment/interaction/L5-1_v1/event_script.json
L5-1_v1__seed01,L5-1_v1,1,Dataset/scenarios/L5_environment/interaction,aw_data/capture_archives/parent_complete_210/manifest.json,L5-1_v1__seed01.tar.zst,aw_data/render_ready_episodes_capture_filtered/L5-1_v1__seed01/episode_manifest.json,Dataset/scenarios/L5_environment/interaction/L5-1_v1/scene_setup.json,Dataset/scenarios/L5_environment/interaction/L5-1_v1/event_script.json
L5-1_v1__seed02,L5-1_v1,2,Dataset/scenarios/L5_environment/interaction,aw_data/capture_archives/parent_complete_210/manifest.json,L5-1_v1__seed02.tar.zst,aw_data/render_ready_episodes_capture_filtered/L5-1_v1__seed02/episode_manifest.json,Dataset/scenarios/L5_environment/interaction/L5-1_v1/scene_setup.json,Dataset/scenarios/L5_environment/interaction/L5-1_v1/event_script.json
L5-1_v2__seed00,L5-1_v2,0,Dataset/scenarios/L5_environment/interaction,aw_data/capture_archives/parent_complete_210/manifest.json,L5-1_v2__seed00.tar.zst,aw_data/render_ready_episodes_capture_filtered/L5-1_v2__seed00/episode_manifest.json,Dataset/scenarios/L5_environment/interaction/L5-1_v2/scene_setup.json,Dataset/scenarios/L5_environment/interaction/L5-1_v2/event_script.json
L5-1_v2__seed01,L5-1_v2,1,Dataset/scenarios/L5_environment/interaction,aw_data/capture_archives/parent_complete_210/manifest.json,L5-1_v2__seed01.tar.zst,aw_data/render_ready_episodes_capture_filtered/L5-1_v2__seed01/episode_manifest.json,Dataset/scenarios/L5_environment/interaction/L5-1_v2/scene_setup.json,Dataset/scenarios/L5_environment/interaction/L5-1_v2/event_script.json
L5-1_v2__seed02,L5-1_v2,2,Dataset/scenarios/L5_environment/interaction,aw_data/capture_archives/parent_complete_210/manifest.json,L5-1_v2__seed02.tar.zst,aw_data/render_ready_episodes_capture_filtered/L5-1_v2__seed02/episode_manifest.json,Dataset/scenarios/L5_environment/interaction/L5-1_v2/scene_setup.json,Dataset/scenarios/L5_environment/interaction/L5-1_v2/event_script.json
L5-1_v3__seed00,L5-1_v3,0,Dataset/scenarios/L5_environment/interaction,aw_data/capture_archives/parent_complete_210/manifest.json,L5-1_v3__seed00.tar.zst,aw_data/render_ready_episodes_capture_filtered/L5-1_v3__seed00/episode_manifest.json,Dataset/scenarios/L5_environment/interaction/L5-1_v3/scene_setup.json,Dataset/scenarios/L5_environment/interaction/L5-1_v3/event_script.json
L5-1_v3__seed01,L5-1_v3,1,Dataset/scenarios/L5_environment/interaction,aw_data/capture_archives/parent_complete_210/manifest.json,L5-1_v3__seed01.tar.zst,aw_data/render_ready_episodes_capture_filtered/L5-1_v3__seed01/episode_manifest.json,Dataset/scenarios/L5_environment/interaction/L5-1_v3/scene_setup.json,Dataset/scenarios/L5_environment/interaction/L5-1_v3/event_script.json
L5-1_v3__seed02,L5-1_v3,2,Dataset/scenarios/L5_environment/interaction,aw_data/capture_archives/parent_complete_210/manifest.json,L5-1_v3__seed02.tar.zst,aw_data/render_ready_episodes_capture_filtered/L5-1_v3__seed02/episode_manifest.json,Dataset/scenarios/L5_environment/interaction/L5-1_v3/scene_setup.json,Dataset/scenarios/L5_environment/interaction/L5-1_v3/event_script.json
L5-2_v1__seed00,L5-2_v1,0,Dataset/scenarios/L5_environment/interaction,aw_data/capture_archives/parent_complete_210/manifest.json,L5-2_v1__seed00.tar.zst,aw_data/render_ready_episodes_capture_filtered/L5-2_v1__seed00/episode_manifest.json,Dataset/scenarios/L5_environment/interaction/L5-2_v1/scene_setup.json,Dataset/scenarios/L5_environment/interaction/L5-2_v1/event_script.json
L5-2_v1__seed01,L5-2_v1,1,Dataset/scenarios/L5_environment/interaction,aw_data/capture_archives/parent_complete_210/manifest.json,L5-2_v1__seed01.tar.zst,aw_data/render_ready_episodes_capture_filtered/L5-2_v1__seed01/episode_manifest.json,Dataset/scenarios/L5_environment/interaction/L5-2_v1/scene_setup.json,Dataset/scenarios/L5_environment/interaction/L5-2_v1/event_script.json
L5-2_v1__seed02,L5-2_v1,2,Dataset/scenarios/L5_environment/interaction,aw_data/capture_archives/parent_complete_210/manifest.json,L5-2_v1__seed02.tar.zst,aw_data/render_ready_episodes_capture_filtered/L5-2_v1__seed02/episode_manifest.json,Dataset/scenarios/L5_environment/interaction/L5-2_v1/scene_setup.json,Dataset/scenarios/L5_environment/interaction/L5-2_v1/event_script.json
L5-2_v2__seed00,L5-2_v2,0,Dataset/scenarios/L5_environment/interaction,aw_data/capture_archives/parent_complete_210/manifest.json,L5-2_v2__seed00.tar.zst,aw_data/render_ready_episodes_capture_filtered/L5-2_v2__seed00/episode_manifest.json,Dataset/scenarios/L5_environment/interaction/L5-2_v2/scene_setup.json,Dataset/scenarios/L5_environment/interaction/L5-2_v2/event_script.json
L5-2_v2__seed01,L5-2_v2,1,Dataset/scenarios/L5_environment/interaction,aw_data/capture_archives/parent_complete_210/manifest.json,L5-2_v2__seed01.tar.zst,aw_data/render_ready_episodes_capture_filtered/L5-2_v2__seed01/episode_manifest.json,Dataset/scenarios/L5_environment/interaction/L5-2_v2/scene_setup.json,Dataset/scenarios/L5_environment/interaction/L5-2_v2/event_script.json
L5-2_v2__seed02,L5-2_v2,2,Dataset/scenarios/L5_environment/interaction,aw_data/capture_archives/parent_complete_210/manifest.json,L5-2_v2__seed02.tar.zst,aw_data/render_ready_episodes_capture_filtered/L5-2_v2__seed02/episode_manifest.json,Dataset/scenarios/L5_environment/interaction/L5-2_v2/scene_setup.json,Dataset/scenarios/L5_environment/interaction/L5-2_v2/event_script.json
L5-3_v1__seed00,L5-3_v1,0,Dataset/scenarios/L5_environment/interaction,aw_data/capture_archives/parent_complete_210/manifest.json,L5-3_v1__seed00.tar.zst,aw_data/render_ready_episodes_capture_filtered/L5-3_v1__seed00/episode_manifest.json,Dataset/scenarios/L5_environment/interaction/L5-3_v1/scene_setup.json,Dataset/scenarios/L5_environment/interaction/L5-3_v1/event_script.json
L5-3_v1__seed01,L5-3_v1,1,Dataset/scenarios/L5_environment/interaction,aw_data/capture_archives/parent_complete_210/manifest.json,L5-3_v1__seed01.tar.zst,aw_data/render_ready_episodes_capture_filtered/L5-3_v1__seed01/episode_manifest.json,Dataset/scenarios/L5_environment/interaction/L5-3_v1/scene_setup.json,Dataset/scenarios/L5_environment/interaction/L5-3_v1/event_script.json
L5-3_v1__seed02,L5-3_v1,2,Dataset/scenarios/L5_environment/interaction,aw_data/capture_archives/parent_complete_210/manifest.json,L5-3_v1__seed02.tar.zst,aw_data/render_ready_episodes_capture_filtered/L5-3_v1__seed02/episode_manifest.json,Dataset/scenarios/L5_environment/interaction/L5-3_v1/scene_setup.json,Dataset/scenarios/L5_environment/interaction/L5-3_v1/event_script.json
L5-3_v2__seed00,L5-3_v2,0,Dataset/scenarios/L5_environment/interaction,aw_data/capture_archives/parent_complete_210/manifest.json,L5-3_v2__seed00.tar.zst,aw_data/render_ready_episodes_capture_filtered/L5-3_v2__seed00/episode_manifest.json,Dataset/scenarios/L5_environment/interaction/L5-3_v2/scene_setup.json,Dataset/scenarios/L5_environment/interaction/L5-3_v2/event_script.json
L5-3_v2__seed01,L5-3_v2,1,Dataset/scenarios/L5_environment/interaction,aw_data/capture_archives/parent_complete_210/manifest.json,L5-3_v2__seed01.tar.zst,aw_data/render_ready_episodes_capture_filtered/L5-3_v2__seed01/episode_manifest.json,Dataset/scenarios/L5_environment/interaction/L5-3_v2/scene_setup.json,Dataset/scenarios/L5_environment/interaction/L5-3_v2/event_script.json
L5-3_v2__seed02,L5-3_v2,2,Dataset/scenarios/L5_environment/interaction,aw_data/capture_archives/parent_complete_210/manifest.json,L5-3_v2__seed02.tar.zst,aw_data/render_ready_episodes_capture_filtered/L5-3_v2__seed02/episode_manifest.json,Dataset/scenarios/L5_environment/interaction/L5-3_v2/scene_setup.json,Dataset/scenarios/L5_environment/interaction/L5-3_v2/event_script.json
L5-4_v1__seed00,L5-4_v1,0,Dataset/scenarios/L5_environment/interaction,aw_data/capture_archives/parent_complete_210/manifest.json,L5-4_v1__seed00.tar.zst,aw_data/render_ready_episodes_capture_filtered/L5-4_v1__seed00/episode_manifest.json,Dataset/scenarios/L5_environment/interaction/L5-4_v1/scene_setup.json,Dataset/scenarios/L5_environment/interaction/L5-4_v1/event_script.json
L5-4_v1__seed01,L5-4_v1,1,Dataset/scenarios/L5_environment/interaction,aw_data/capture_archives/parent_complete_210/manifest.json,L5-4_v1__seed01.tar.zst,aw_data/render_ready_episodes_capture_filtered/L5-4_v1__seed01/episode_manifest.json,Dataset/scenarios/L5_environment/interaction/L5-4_v1/scene_setup.json,Dataset/scenarios/L5_environment/interaction/L5-4_v1/event_script.json
L5-4_v1__seed02,L5-4_v1,2,Dataset/scenarios/L5_environment/interaction,aw_data/capture_archives/parent_complete_210/manifest.json,L5-4_v1__seed02.tar.zst,aw_data/render_ready_episodes_capture_filtered/L5-4_v1__seed02/episode_manifest.json,Dataset/scenarios/L5_environment/interaction/L5-4_v1/scene_setup.json,Dataset/scenarios/L5_environment/interaction/L5-4_v1/event_script.json
L5-5_v1__seed00,L5-5_v1,0,Dataset/scenarios/L5_environment/interaction,aw_data/capture_archives/parent_complete_210/manifest.json,L5-5_v1__seed00.tar.zst,aw_data/render_ready_episodes_capture_filtered/L5-5_v1__seed00/episode_manifest.json,Dataset/scenarios/L5_environment/interaction/L5-5_v1/scene_setup.json,Dataset/scenarios/L5_environment/interaction/L5-5_v1/event_script.json
L5-5_v1__seed01,L5-5_v1,1,Dataset/scenarios/L5_environment/interaction,aw_data/capture_archives/parent_complete_210/manifest.json,L5-5_v1__seed01.tar.zst,aw_data/render_ready_episodes_capture_filtered/L5-5_v1__seed01/episode_manifest.json,Dataset/scenarios/L5_environment/interaction/L5-5_v1/scene_setup.json,Dataset/scenarios/L5_environment/interaction/L5-5_v1/event_script.json
L5-5_v1__seed02,L5-5_v1,2,Dataset/scenarios/L5_environment/interaction,aw_data/capture_archives/parent_complete_210/manifest.json,L5-5_v1__seed02.tar.zst,aw_data/render_ready_episodes_capture_filtered/L5-5_v1__seed02/episode_manifest.json,Dataset/scenarios/L5_environment/interaction/L5-5_v1/scene_setup.json,Dataset/scenarios/L5_environment/interaction/L5-5_v1/event_script.json
L6-1_v1__seed00,L6-1_v1,0,Dataset/scenarios/L6_digital_layer/failure,aw_data/capture_archives/parent_complete_210/manifest.json,L6-1_v1__seed00.tar.zst,aw_data/render_ready_episodes_capture_filtered/L6-1_v1__seed00/episode_manifest.json,Dataset/scenarios/L6_digital_layer/failure/L6-1_v1/scene_setup.json,Dataset/scenarios/L6_digital_layer/failure/L6-1_v1/event_script.json
L6-1_v1__seed01,L6-1_v1,1,Dataset/scenarios/L6_digital_layer/failure,aw_data/capture_archives/parent_complete_210/manifest.json,L6-1_v1__seed01.tar.zst,aw_data/render_ready_episodes_capture_filtered/L6-1_v1__seed01/episode_manifest.json,Dataset/scenarios/L6_digital_layer/failure/L6-1_v1/scene_setup.json,Dataset/scenarios/L6_digital_layer/failure/L6-1_v1/event_script.json
L6-1_v1__seed02,L6-1_v1,2,Dataset/scenarios/L6_digital_layer/failure,aw_data/capture_archives/parent_complete_210/manifest.json,L6-1_v1__seed02.tar.zst,aw_data/render_ready_episodes_capture_filtered/L6-1_v1__seed02/episode_manifest.json,Dataset/scenarios/L6_digital_layer/failure/L6-1_v1/scene_setup.json,Dataset/scenarios/L6_digital_layer/failure/L6-1_v1/event_script.json
L6-1_v2__seed00,L6-1_v2,0,Dataset/scenarios/L6_digital_layer/failure,aw_data/capture_archives/parent_complete_210/manifest.json,L6-1_v2__seed00.tar.zst,aw_data/render_ready_episodes_capture_filtered/L6-1_v2__seed00/episode_manifest.json,Dataset/scenarios/L6_digital_layer/failure/L6-1_v2/scene_setup.json,Dataset/scenarios/L6_digital_layer/failure/L6-1_v2/event_script.json
L6-1_v2__seed01,L6-1_v2,1,Dataset/scenarios/L6_digital_layer/failure,aw_data/capture_archives/parent_complete_210/manifest.json,L6-1_v2__seed01.tar.zst,aw_data/render_ready_episodes_capture_filtered/L6-1_v2__seed01/episode_manifest.json,Dataset/scenarios/L6_digital_layer/failure/L6-1_v2/scene_setup.json,Dataset/scenarios/L6_digital_layer/failure/L6-1_v2/event_script.json
L6-1_v2__seed02,L6-1_v2,2,Dataset/scenarios/L6_digital_layer/failure,aw_data/capture_archives/parent_complete_210/manifest.json,L6-1_v2__seed02.tar.zst,aw_data/render_ready_episodes_capture_filtered/L6-1_v2__seed02/episode_manifest.json,Dataset/scenarios/L6_digital_layer/failure/L6-1_v2/scene_setup.json,Dataset/scenarios/L6_digital_layer/failure/L6-1_v2/event_script.json
L6-2_v1__seed00,L6-2_v1,0,Dataset/scenarios/L6_digital_layer/failure,aw_data/capture_archives/parent_complete_210/manifest.json,L6-2_v1__seed00.tar.zst,aw_data/render_ready_episodes_capture_filtered/L6-2_v1__seed00/episode_manifest.json,Dataset/scenarios/L6_digital_layer/failure/L6-2_v1/scene_setup.json,Dataset/scenarios/L6_digital_layer/failure/L6-2_v1/event_script.json
L6-2_v1__seed01,L6-2_v1,1,Dataset/scenarios/L6_digital_layer/failure,aw_data/capture_archives/parent_complete_210/manifest.json,L6-2_v1__seed01.tar.zst,aw_data/render_ready_episodes_capture_filtered/L6-2_v1__seed01/episode_manifest.json,Dataset/scenarios/L6_digital_layer/failure/L6-2_v1/scene_setup.json,Dataset/scenarios/L6_digital_layer/failure/L6-2_v1/event_script.json
L6-2_v1__seed02,L6-2_v1,2,Dataset/scenarios/L6_digital_layer/failure,aw_data/capture_archives/parent_complete_210/manifest.json,L6-2_v1__seed02.tar.zst,aw_data/render_ready_episodes_capture_filtered/L6-2_v1__seed02/episode_manifest.json,Dataset/scenarios/L6_digital_layer/failure/L6-2_v1/scene_setup.json,Dataset/scenarios/L6_digital_layer/failure/L6-2_v1/event_script.json
L6-2_v2__seed00,L6-2_v2,0,Dataset/scenarios/L6_digital_layer/failure,aw_data/capture_archives/parent_complete_210/manifest.json,L6-2_v2__seed00.tar.zst,aw_data/render_ready_episodes_capture_filtered/L6-2_v2__seed00/episode_manifest.json,Dataset/scenarios/L6_digital_layer/failure/L6-2_v2/scene_setup.json,Dataset/scenarios/L6_digital_layer/failure/L6-2_v2/event_script.json
L6-2_v2__seed01,L6-2_v2,1,Dataset/scenarios/L6_digital_layer/failure,aw_data/capture_archives/parent_complete_210/manifest.json,L6-2_v2__seed01.tar.zst,aw_data/render_ready_episodes_capture_filtered/L6-2_v2__seed01/episode_manifest.json,Dataset/scenarios/L6_digital_layer/failure/L6-2_v2/scene_setup.json,Dataset/scenarios/L6_digital_layer/failure/L6-2_v2/event_script.json
L6-2_v2__seed02,L6-2_v2,2,Dataset/scenarios/L6_digital_layer/failure,aw_data/capture_archives/parent_complete_210/manifest.json,L6-2_v2__seed02.tar.zst,aw_data/render_ready_episodes_capture_filtered/L6-2_v2__seed02/episode_manifest.json,Dataset/scenarios/L6_digital_layer/failure/L6-2_v2/scene_setup.json,Dataset/scenarios/L6_digital_layer/failure/L6-2_v2/event_script.json
L6-3_v1__seed00,L6-3_v1,0,Dataset/scenarios/L6_digital_layer/failure,aw_data/capture_archives/parent_complete_210/manifest.json,L6-3_v1__seed00.tar.zst,aw_data/render_ready_episodes_capture_filtered/L6-3_v1__seed00/episode_manifest.json,Dataset/scenarios/L6_digital_layer/failure/L6-3_v1/scene_setup.json,Dataset/scenarios/L6_digital_layer/failure/L6-3_v1/event_script.json
L6-3_v1__seed01,L6-3_v1,1,Dataset/scenarios/L6_digital_layer/failure,aw_data/capture_archives/parent_complete_210/manifest.json,L6-3_v1__seed01.tar.zst,aw_data/render_ready_episodes_capture_filtered/L6-3_v1__seed01/episode_manifest.json,Dataset/scenarios/L6_digital_layer/failure/L6-3_v1/scene_setup.json,Dataset/scenarios/L6_digital_layer/failure/L6-3_v1/event_script.json
L6-3_v1__seed02,L6-3_v1,2,Dataset/scenarios/L6_digital_layer/failure,aw_data/capture_archives/parent_complete_210/manifest.json,L6-3_v1__seed02.tar.zst,aw_data/render_ready_episodes_capture_filtered/L6-3_v1__seed02/episode_manifest.json,Dataset/scenarios/L6_digital_layer/failure/L6-3_v1/scene_setup.json,Dataset/scenarios/L6_digital_layer/failure/L6-3_v1/event_script.json
L6-3_v2__seed00,L6-3_v2,0,Dataset/scenarios/L6_digital_layer/failure,aw_data/capture_archives/parent_complete_210/manifest.json,L6-3_v2__seed00.tar.zst,aw_data/render_ready_episodes_capture_filtered/L6-3_v2__seed00/episode_manifest.json,Dataset/scenarios/L6_digital_layer/failure/L6-3_v2/scene_setup.json,Dataset/scenarios/L6_digital_layer/failure/L6-3_v2/event_script.json
L6-3_v2__seed01,L6-3_v2,1,Dataset/scenarios/L6_digital_layer/failure,aw_data/capture_archives/parent_complete_210/manifest.json,L6-3_v2__seed01.tar.zst,aw_data/render_ready_episodes_capture_filtered/L6-3_v2__seed01/episode_manifest.json,Dataset/scenarios/L6_digital_layer/failure/L6-3_v2/scene_setup.json,Dataset/scenarios/L6_digital_layer/failure/L6-3_v2/event_script.json
L6-3_v2__seed02,L6-3_v2,2,Dataset/scenarios/L6_digital_layer/failure,aw_data/capture_archives/parent_complete_210/manifest.json,L6-3_v2__seed02.tar.zst,aw_data/render_ready_episodes_capture_filtered/L6-3_v2__seed02/episode_manifest.json,Dataset/scenarios/L6_digital_layer/failure/L6-3_v2/scene_setup.json,Dataset/scenarios/L6_digital_layer/failure/L6-3_v2/event_script.json
L6-4_v1__seed00,L6-4_v1,0,Dataset/scenarios/L6_digital_layer/failure,aw_data/capture_archives/parent_complete_210/manifest.json,L6-4_v1__seed00.tar.zst,aw_data/render_ready_episodes_capture_filtered/L6-4_v1__seed00/episode_manifest.json,Dataset/scenarios/L6_digital_layer/failure/L6-4_v1/scene_setup.json,Dataset/scenarios/L6_digital_layer/failure/L6-4_v1/event_script.json
L6-4_v1__seed01,L6-4_v1,1,Dataset/scenarios/L6_digital_layer/failure,aw_data/capture_archives/parent_complete_210/manifest.json,L6-4_v1__seed01.tar.zst,aw_data/render_ready_episodes_capture_filtered/L6-4_v1__seed01/episode_manifest.json,Dataset/scenarios/L6_digital_layer/failure/L6-4_v1/scene_setup.json,Dataset/scenarios/L6_digital_layer/failure/L6-4_v1/event_script.json
L6-4_v1__seed02,L6-4_v1,2,Dataset/scenarios/L6_digital_layer/failure,aw_data/capture_archives/parent_complete_210/manifest.json,L6-4_v1__seed02.tar.zst,aw_data/render_ready_episodes_capture_filtered/L6-4_v1__seed02/episode_manifest.json,Dataset/scenarios/L6_digital_layer/failure/L6-4_v1/scene_setup.json,Dataset/scenarios/L6_digital_layer/failure/L6-4_v1/event_script.json
L6-4_v2__seed00,L6-4_v2,0,Dataset/scenarios/L6_digital_layer/failure,aw_data/capture_archives/parent_complete_210/manifest.json,L6-4_v2__seed00.tar.zst,aw_data/render_ready_episodes_capture_filtered/L6-4_v2__seed00/episode_manifest.json,Dataset/scenarios/L6_digital_layer/failure/L6-4_v2/scene_setup.json,Dataset/scenarios/L6_digital_layer/failure/L6-4_v2/event_script.json
L6-4_v2__seed01,L6-4_v2,1,Dataset/scenarios/L6_digital_layer/failure,aw_data/capture_archives/parent_complete_210/manifest.json,L6-4_v2__seed01.tar.zst,aw_data/render_ready_episodes_capture_filtered/L6-4_v2__seed01/episode_manifest.json,Dataset/scenarios/L6_digital_layer/failure/L6-4_v2/scene_setup.json,Dataset/scenarios/L6_digital_layer/failure/L6-4_v2/event_script.json
L6-4_v2__seed02,L6-4_v2,2,Dataset/scenarios/L6_digital_layer/failure,aw_data/capture_archives/parent_complete_210/manifest.json,L6-4_v2__seed02.tar.zst,aw_data/render_ready_episodes_capture_filtered/L6-4_v2__seed02/episode_manifest.json,Dataset/scenarios/L6_digital_layer/failure/L6-4_v2/scene_setup.json,Dataset/scenarios/L6_digital_layer/failure/L6-4_v2/event_script.json
L6-5_v1__seed00,L6-5_v1,0,Dataset/scenarios/L6_digital_layer/failure,aw_data/capture_archives/parent_complete_210/manifest.json,L6-5_v1__seed00.tar.zst,aw_data/render_ready_episodes_capture_filtered/L6-5_v1__seed00/episode_manifest.json,Dataset/scenarios/L6_digital_layer/failure/L6-5_v1/scene_setup.json,Dataset/scenarios/L6_digital_layer/failure/L6-5_v1/event_script.json
L6-5_v1__seed01,L6-5_v1,1,Dataset/scenarios/L6_digital_layer/failure,aw_data/capture_archives/parent_complete_210/manifest.json,L6-5_v1__seed01.tar.zst,aw_data/render_ready_episodes_capture_filtered/L6-5_v1__seed01/episode_manifest.json,Dataset/scenarios/L6_digital_layer/failure/L6-5_v1/scene_setup.json,Dataset/scenarios/L6_digital_layer/failure/L6-5_v1/event_script.json
L6-5_v1__seed02,L6-5_v1,2,Dataset/scenarios/L6_digital_layer/failure,aw_data/capture_archives/parent_complete_210/manifest.json,L6-5_v1__seed02.tar.zst,aw_data/render_ready_episodes_capture_filtered/L6-5_v1__seed02/episode_manifest.json,Dataset/scenarios/L6_digital_layer/failure/L6-5_v1/scene_setup.json,Dataset/scenarios/L6_digital_layer/failure/L6-5_v1/event_script.json
L6-5_v2__seed00,L6-5_v2,0,Dataset/scenarios/L6_digital_layer/failure,aw_data/capture_archives/parent_complete_210/manifest.json,L6-5_v2__seed00.tar.zst,aw_data/render_ready_episodes_capture_filtered/L6-5_v2__seed00/episode_manifest.json,Dataset/scenarios/L6_digital_layer/failure/L6-5_v2/scene_setup.json,Dataset/scenarios/L6_digital_layer/failure/L6-5_v2/event_script.json
L6-5_v2__seed01,L6-5_v2,1,Dataset/scenarios/L6_digital_layer/failure,aw_data/capture_archives/parent_complete_210/manifest.json,L6-5_v2__seed01.tar.zst,aw_data/render_ready_episodes_capture_filtered/L6-5_v2__seed01/episode_manifest.json,Dataset/scenarios/L6_digital_layer/failure/L6-5_v2/scene_setup.json,Dataset/scenarios/L6_digital_layer/failure/L6-5_v2/event_script.json
L6-5_v2__seed02,L6-5_v2,2,Dataset/scenarios/L6_digital_layer/failure,aw_data/capture_archives/parent_complete_210/manifest.json,L6-5_v2__seed02.tar.zst,aw_data/render_ready_episodes_capture_filtered/L6-5_v2__seed02/episode_manifest.json,Dataset/scenarios/L6_digital_layer/failure/L6-5_v2/scene_setup.json,Dataset/scenarios/L6_digital_layer/failure/L6-5_v2/event_script.json
X1_rain_to_c2loss_to_forced_landing__seed00,X1_rain_to_c2loss_to_forced_landing,0,Dataset/scenarios/X_cross_layer,aw_data/capture_archives/parent_complete_210/manifest.json,X1_rain_to_c2loss_to_forced_landing__seed00.tar.zst,aw_data/render_ready_episodes_capture_filtered/X1_rain_to_c2loss_to_forced_landing__seed00/episode_manifest.json,Dataset/scenarios/X_cross_layer/X1_rain_to_c2loss_to_forced_landing/scene_setup.json,Dataset/scenarios/X_cross_layer/X1_rain_to_c2loss_to_forced_landing/event_script.json
X1_rain_to_c2loss_to_forced_landing__seed01,X1_rain_to_c2loss_to_forced_landing,1,Dataset/scenarios/X_cross_layer,aw_data/capture_archives/parent_complete_210/manifest.json,X1_rain_to_c2loss_to_forced_landing__seed01.tar.zst,aw_data/render_ready_episodes_capture_filtered/X1_rain_to_c2loss_to_forced_landing__seed01/episode_manifest.json,Dataset/scenarios/X_cross_layer/X1_rain_to_c2loss_to_forced_landing/scene_setup.json,Dataset/scenarios/X_cross_layer/X1_rain_to_c2loss_to_forced_landing/event_script.json
X1_rain_to_c2loss_to_forced_landing__seed02,X1_rain_to_c2loss_to_forced_landing,2,Dataset/scenarios/X_cross_layer,aw_data/capture_archives/parent_complete_210/manifest.json,X1_rain_to_c2loss_to_forced_landing__seed02.tar.zst,aw_data/render_ready_episodes_capture_filtered/X1_rain_to_c2loss_to_forced_landing__seed02/episode_manifest.json,Dataset/scenarios/X_cross_layer/X1_rain_to_c2loss_to_forced_landing/scene_setup.json,Dataset/scenarios/X_cross_layer/X1_rain_to_c2loss_to_forced_landing/event_script.json
X2_gnss_spoof_to_geofence_violation__seed00,X2_gnss_spoof_to_geofence_violation,0,Dataset/scenarios/X_cross_layer,aw_data/capture_archives/parent_complete_210/manifest.json,X2_gnss_spoof_to_geofence_violation__seed00.tar.zst,aw_data/render_ready_episodes_capture_filtered/X2_gnss_spoof_to_geofence_violation__seed00/episode_manifest.json,Dataset/scenarios/X_cross_layer/X2_gnss_spoof_to_geofence_violation/scene_setup.json,Dataset/scenarios/X_cross_layer/X2_gnss_spoof_to_geofence_violation/event_script.json
X2_gnss_spoof_to_geofence_violation__seed01,X2_gnss_spoof_to_geofence_violation,1,Dataset/scenarios/X_cross_layer,aw_data/capture_archives/parent_complete_210/manifest.json,X2_gnss_spoof_to_geofence_violation__seed01.tar.zst,aw_data/render_ready_episodes_capture_filtered/X2_gnss_spoof_to_geofence_violation__seed01/episode_manifest.json,Dataset/scenarios/X_cross_layer/X2_gnss_spoof_to_geofence_violation/scene_setup.json,Dataset/scenarios/X_cross_layer/X2_gnss_spoof_to_geofence_violation/event_script.json
X2_gnss_spoof_to_geofence_violation__seed02,X2_gnss_spoof_to_geofence_violation,2,Dataset/scenarios/X_cross_layer,aw_data/capture_archives/parent_complete_210/manifest.json,X2_gnss_spoof_to_geofence_violation__seed02.tar.zst,aw_data/render_ready_episodes_capture_filtered/X2_gnss_spoof_to_geofence_violation__seed02/episode_manifest.json,Dataset/scenarios/X_cross_layer/X2_gnss_spoof_to_geofence_violation/scene_setup.json,Dataset/scenarios/X_cross_layer/X2_gnss_spoof_to_geofence_violation/event_script.json
X3_pedestrian_fall_to_emergency_response__seed00,X3_pedestrian_fall_to_emergency_response,0,Dataset/scenarios/X_cross_layer,aw_data/capture_archives/parent_complete_210/manifest.json,X3_pedestrian_fall_to_emergency_response__seed00.tar.zst,aw_data/render_ready_episodes_capture_filtered/X3_pedestrian_fall_to_emergency_response__seed00/episode_manifest.json,Dataset/scenarios/X_cross_layer/X3_pedestrian_fall_to_emergency_response/scene_setup.json,Dataset/scenarios/X_cross_layer/X3_pedestrian_fall_to_emergency_response/event_script.json
X3_pedestrian_fall_to_emergency_response__seed01,X3_pedestrian_fall_to_emergency_response,1,Dataset/scenarios/X_cross_layer,aw_data/capture_archives/parent_complete_210/manifest.json,X3_pedestrian_fall_to_emergency_response__seed01.tar.zst,aw_data/render_ready_episodes_capture_filtered/X3_pedestrian_fall_to_emergency_response__seed01/episode_manifest.json,Dataset/scenarios/X_cross_layer/X3_pedestrian_fall_to_emergency_response/scene_setup.json,Dataset/scenarios/X_cross_layer/X3_pedestrian_fall_to_emergency_response/event_script.json
X3_pedestrian_fall_to_emergency_response__seed02,X3_pedestrian_fall_to_emergency_response,2,Dataset/scenarios/X_cross_layer,aw_data/capture_archives/parent_complete_210/manifest.json,X3_pedestrian_fall_to_emergency_response__seed02.tar.zst,aw_data/render_ready_episodes_capture_filtered/X3_pedestrian_fall_to_emergency_response__seed02/episode_manifest.json,Dataset/scenarios/X_cross_layer/X3_pedestrian_fall_to_emergency_response/scene_setup.json,Dataset/scenarios/X_cross_layer/X3_pedestrian_fall_to_emergency_response/event_script.json
X4_fog_to_uav_conflict__seed00,X4_fog_to_uav_conflict,0,Dataset/scenarios/X_cross_layer,aw_data/capture_archives/parent_complete_210/manifest.json,X4_fog_to_uav_conflict__seed00.tar.zst,aw_data/render_ready_episodes_capture_filtered/X4_fog_to_uav_conflict__seed00/episode_manifest.json,Dataset/scenarios/X_cross_layer/X4_fog_to_uav_conflict/scene_setup.json,Dataset/scenarios/X_cross_layer/X4_fog_to_uav_conflict/event_script.json
X4_fog_to_uav_conflict__seed01,X4_fog_to_uav_conflict,1,Dataset/scenarios/X_cross_layer,aw_data/capture_archives/parent_complete_210/manifest.json,X4_fog_to_uav_conflict__seed01.tar.zst,aw_data/render_ready_episodes_capture_filtered/X4_fog_to_uav_conflict__seed01/episode_manifest.json,Dataset/scenarios/X_cross_layer/X4_fog_to_uav_conflict/scene_setup.json,Dataset/scenarios/X_cross_layer/X4_fog_to_uav_conflict/event_script.json
X4_fog_to_uav_conflict__seed02,X4_fog_to_uav_conflict,2,Dataset/scenarios/X_cross_layer,aw_data/capture_archives/parent_complete_210/manifest.json,X4_fog_to_uav_conflict__seed02.tar.zst,aw_data/render_ready_episodes_capture_filtered/X4_fog_to_uav_conflict__seed02/episode_manifest.json,Dataset/scenarios/X_cross_layer/X4_fog_to_uav_conflict/scene_setup.json,Dataset/scenarios/X_cross_layer/X4_fog_to_uav_conflict/event_script.json
X5_comm_failure_to_pad_contention__seed00,X5_comm_failure_to_pad_contention,0,Dataset/scenarios/X_cross_layer,aw_data/capture_archives/parent_complete_210/manifest.json,X5_comm_failure_to_pad_contention__seed00.tar.zst,aw_data/render_ready_episodes_capture_filtered/X5_comm_failure_to_pad_contention__seed00/episode_manifest.json,Dataset/scenarios/X_cross_layer/X5_comm_failure_to_pad_contention/scene_setup.json,Dataset/scenarios/X_cross_layer/X5_comm_failure_to_pad_contention/event_script.json
X5_comm_failure_to_pad_contention__seed01,X5_comm_failure_to_pad_contention,1,Dataset/scenarios/X_cross_layer,aw_data/capture_archives/parent_complete_210/manifest.json,X5_comm_failure_to_pad_contention__seed01.tar.zst,aw_data/render_ready_episodes_capture_filtered/X5_comm_failure_to_pad_contention__seed01/episode_manifest.json,Dataset/scenarios/X_cross_layer/X5_comm_failure_to_pad_contention/scene_setup.json,Dataset/scenarios/X_cross_layer/X5_comm_failure_to_pad_contention/event_script.json
X5_comm_failure_to_pad_contention__seed02,X5_comm_failure_to_pad_contention,2,Dataset/scenarios/X_cross_layer,aw_data/capture_archives/parent_complete_210/manifest.json,X5_comm_failure_to_pad_contention__seed02.tar.zst,aw_data/render_ready_episodes_capture_filtered/X5_comm_failure_to_pad_contention__seed02/episode_manifest.json,Dataset/scenarios/X_cross_layer/X5_comm_failure_to_pad_contention/scene_setup.json,Dataset/scenarios/X_cross_layer/X5_comm_failure_to_pad_contention/event_script.json
X6_crowd_evacuation_to_airspace_lockdown__seed00,X6_crowd_evacuation_to_airspace_lockdown,0,Dataset/scenarios/X_cross_layer,aw_data/capture_archives/parent_complete_210/manifest.json,X6_crowd_evacuation_to_airspace_lockdown__seed00.tar.zst,aw_data/render_ready_episodes_capture_filtered/X6_crowd_evacuation_to_airspace_lockdown__seed00/episode_manifest.json,Dataset/scenarios/X_cross_layer/X6_crowd_evacuation_to_airspace_lockdown/scene_setup.json,Dataset/scenarios/X_cross_layer/X6_crowd_evacuation_to_airspace_lockdown/event_script.json
X6_crowd_evacuation_to_airspace_lockdown__seed01,X6_crowd_evacuation_to_airspace_lockdown,1,Dataset/scenarios/X_cross_layer,aw_data/capture_archives/parent_complete_210/manifest.json,X6_crowd_evacuation_to_airspace_lockdown__seed01.tar.zst,aw_data/render_ready_episodes_capture_filtered/X6_crowd_evacuation_to_airspace_lockdown__seed01/episode_manifest.json,Dataset/scenarios/X_cross_layer/X6_crowd_evacuation_to_airspace_lockdown/scene_setup.json,Dataset/scenarios/X_cross_layer/X6_crowd_evacuation_to_airspace_lockdown/event_script.json
X6_crowd_evacuation_to_airspace_lockdown__seed02,X6_crowd_evacuation_to_airspace_lockdown,2,Dataset/scenarios/X_cross_layer,aw_data/capture_archives/parent_complete_210/manifest.json,X6_crowd_evacuation_to_airspace_lockdown__seed02.tar.zst,aw_data/render_ready_episodes_capture_filtered/X6_crowd_evacuation_to_airspace_lockdown__seed02/episode_manifest.json,Dataset/scenarios/X_cross_layer/X6_crowd_evacuation_to_airspace_lockdown/scene_setup.json,Dataset/scenarios/X_cross_layer/X6_crowd_evacuation_to_airspace_lockdown/event_script.json
