episode_id,scenario_id,seed,revision,mechanism,guard_version,proposed_class,unfired_events,duration_ticks,native_messages,accepted_messages,audit_ok_handlers,audit_omitted,physical_move_handlers,actors_stationary_landed,source_script_sha256,source_scene_sha256,new_script_sha256,new_scene_sha256,evidence_path,generation_path,adoption_status
X5_comm_failure_to_pad_contention__seed00,X5_comm_failure_to_pad_contention,0,p09.linked-native-causal/v12,pad_service,,A,,900,6,6,18,5,7,True,eb5da8e7d89a2c791dbd776648c521271450be3b4ad767dac3f7ecdcfff4b6d4,d794cd07ebb641de7e0fd9ff3760a05608a000c27d0a23b66d4d93ef4d16407d,07cc7080899577c99c6dcf6506b7c91ab5de2ac2975df5287693ed9f948e4924,d794cd07ebb641de7e0fd9ff3760a05608a000c27d0a23b66d4d93ef4d16407d,X5_comm_failure_to_pad_contention__seed00,/mnt/data1/weizhiwei/AERO_WORLD_runtime/p09/linked_native_v12_review/X5_comm_failure_to_pad_contention__seed00/adopted,PARENT_ACCEPTED_REPRESENTATIVE_ONLY
X5_comm_failure_to_pad_contention__seed01,X5_comm_failure_to_pad_contention,1,p09.linked-native-causal/v12,pad_service,,A,,900,6,6,18,5,7,True,eb5da8e7d89a2c791dbd776648c521271450be3b4ad767dac3f7ecdcfff4b6d4,d794cd07ebb641de7e0fd9ff3760a05608a000c27d0a23b66d4d93ef4d16407d,07cc7080899577c99c6dcf6506b7c91ab5de2ac2975df5287693ed9f948e4924,d794cd07ebb641de7e0fd9ff3760a05608a000c27d0a23b66d4d93ef4d16407d,X5_comm_failure_to_pad_contention__seed01,/mnt/data1/weizhiwei/AERO_WORLD_runtime/p09/linked_native_v12_remaining/X5_comm_failure_to_pad_contention__seed01/adopted,PENDING
X5_comm_failure_to_pad_contention__seed02,X5_comm_failure_to_pad_contention,2,p09.linked-native-causal/v12,pad_service,,A,,900,6,6,18,5,7,True,eb5da8e7d89a2c791dbd776648c521271450be3b4ad767dac3f7ecdcfff4b6d4,d794cd07ebb641de7e0fd9ff3760a05608a000c27d0a23b66d4d93ef4d16407d,07cc7080899577c99c6dcf6506b7c91ab5de2ac2975df5287693ed9f948e4924,d794cd07ebb641de7e0fd9ff3760a05608a000c27d0a23b66d4d93ef4d16407d,X5_comm_failure_to_pad_contention__seed02,/mnt/data1/weizhiwei/AERO_WORLD_runtime/p09/linked_native_v12_remaining/X5_comm_failure_to_pad_contention__seed02/adopted,PENDING
L2-1_v2__seed00,L2-1_v2,0,p09.linked-native-causal/v12,backup_station,,A,,900,2,2,10,4,4,True,eda41c304f3bd445a68c7af748edf384770306ce79ce417f5c72b85b26fca6aa,5d5e7e8f55d34f6c7c7c1b788c610624039a3faa2ce0c11fcf7bb3069e44dc81,26116fa2c290c0b6b4ab3bed9f503178045083951aa08d118e009d36412ecb34,5d5e7e8f55d34f6c7c7c1b788c610624039a3faa2ce0c11fcf7bb3069e44dc81,L2-1_v2__seed00,/mnt/data1/weizhiwei/AERO_WORLD_runtime/p09/linked_native_v12_remaining/L2-1_v2__seed00/adopted,PENDING
L2-1_v2__seed01,L2-1_v2,1,p09.linked-native-causal/v12,backup_station,,A,,900,2,2,10,4,4,True,eda41c304f3bd445a68c7af748edf384770306ce79ce417f5c72b85b26fca6aa,5d5e7e8f55d34f6c7c7c1b788c610624039a3faa2ce0c11fcf7bb3069e44dc81,26116fa2c290c0b6b4ab3bed9f503178045083951aa08d118e009d36412ecb34,5d5e7e8f55d34f6c7c7c1b788c610624039a3faa2ce0c11fcf7bb3069e44dc81,L2-1_v2__seed01,/mnt/data1/weizhiwei/AERO_WORLD_runtime/p09/linked_native_v12_remaining/L2-1_v2__seed01/adopted,PENDING
L2-1_v2__seed02,L2-1_v2,2,p09.linked-native-causal/v12,backup_station,,A,,900,2,2,10,4,4,True,eda41c304f3bd445a68c7af748edf384770306ce79ce417f5c72b85b26fca6aa,5d5e7e8f55d34f6c7c7c1b788c610624039a3faa2ce0c11fcf7bb3069e44dc81,26116fa2c290c0b6b4ab3bed9f503178045083951aa08d118e009d36412ecb34,5d5e7e8f55d34f6c7c7c1b788c610624039a3faa2ce0c11fcf7bb3069e44dc81,L2-1_v2__seed02,/mnt/data1/weizhiwei/AERO_WORLD_runtime/p09/linked_native_v12_remaining/L2-1_v2__seed02/adopted,PENDING
L2-1_v1__seed00,L2-1_v1,0,p09.linked-native-causal/v12,backup_station,,A,,900,2,2,10,3,4,True,6b43f9565af508b5e6f6da4909615a1999e5c4b5b4906019fcad764a233e4755,b07e10ca6f4b0b3f30b79f9256c3cc2b54c00e9394151591682632a810200cfa,f5b8536676323716f25a21ccbbbe30bea63fe23c056aee6cd561882c935353a0,b07e10ca6f4b0b3f30b79f9256c3cc2b54c00e9394151591682632a810200cfa,L2-1_v1__seed00,/mnt/data1/weizhiwei/AERO_WORLD_runtime/p09/linked_native_v12_remaining/L2-1_v1__seed00/adopted,PENDING
L2-1_v1__seed01,L2-1_v1,1,p09.linked-native-causal/v12,backup_station,,A,,900,2,2,10,3,4,True,6b43f9565af508b5e6f6da4909615a1999e5c4b5b4906019fcad764a233e4755,b07e10ca6f4b0b3f30b79f9256c3cc2b54c00e9394151591682632a810200cfa,f5b8536676323716f25a21ccbbbe30bea63fe23c056aee6cd561882c935353a0,b07e10ca6f4b0b3f30b79f9256c3cc2b54c00e9394151591682632a810200cfa,L2-1_v1__seed01,/mnt/data1/weizhiwei/AERO_WORLD_runtime/p09/linked_native_v12_remaining/L2-1_v1__seed01/adopted,PENDING
L2-1_v1__seed02,L2-1_v1,2,p09.linked-native-causal/v12,backup_station,,A,,900,2,2,10,3,4,True,6b43f9565af508b5e6f6da4909615a1999e5c4b5b4906019fcad764a233e4755,b07e10ca6f4b0b3f30b79f9256c3cc2b54c00e9394151591682632a810200cfa,f5b8536676323716f25a21ccbbbe30bea63fe23c056aee6cd561882c935353a0,b07e10ca6f4b0b3f30b79f9256c3cc2b54c00e9394151591682632a810200cfa,L2-1_v1__seed02,/mnt/data1/weizhiwei/AERO_WORLD_runtime/p09/linked_native_v12_remaining/L2-1_v1__seed02/adopted,PENDING
L6-1_v1__seed00,L6-1_v1,0,p09.linked-native-causal/v12,local_c2,,A,,900,0,0,10,1,4,True,70a350fdfd3628597afce252f2199423c830b4acd5c0790a6b407c2c6aa29efb,0d30da741f3fdc221d441d1632d7ac913836d7b1cb6a7fefa9785f43cb59e463,70a350fdfd3628597afce252f2199423c830b4acd5c0790a6b407c2c6aa29efb,0d30da741f3fdc221d441d1632d7ac913836d7b1cb6a7fefa9785f43cb59e463,L6-1_v1__seed00,/mnt/data1/weizhiwei/AERO_WORLD_runtime/p09/linked_native_v12_remaining/L6-1_v1__seed00/adopted,PENDING
L6-1_v1__seed01,L6-1_v1,1,p09.linked-native-causal/v12,local_c2,,A,,900,0,0,10,1,4,True,70a350fdfd3628597afce252f2199423c830b4acd5c0790a6b407c2c6aa29efb,0d30da741f3fdc221d441d1632d7ac913836d7b1cb6a7fefa9785f43cb59e463,70a350fdfd3628597afce252f2199423c830b4acd5c0790a6b407c2c6aa29efb,0d30da741f3fdc221d441d1632d7ac913836d7b1cb6a7fefa9785f43cb59e463,L6-1_v1__seed01,/mnt/data1/weizhiwei/AERO_WORLD_runtime/p09/linked_native_v12_remaining/L6-1_v1__seed01/adopted,PENDING
L6-1_v1__seed02,L6-1_v1,2,p09.linked-native-causal/v12,local_c2,,A,,900,0,0,10,1,4,True,70a350fdfd3628597afce252f2199423c830b4acd5c0790a6b407c2c6aa29efb,0d30da741f3fdc221d441d1632d7ac913836d7b1cb6a7fefa9785f43cb59e463,70a350fdfd3628597afce252f2199423c830b4acd5c0790a6b407c2c6aa29efb,0d30da741f3fdc221d441d1632d7ac913836d7b1cb6a7fefa9785f43cb59e463,L6-1_v1__seed02,/mnt/data1/weizhiwei/AERO_WORLD_runtime/p09/linked_native_v12_remaining/L6-1_v1__seed02/adopted,PENDING
L6-1_v2__seed00,L6-1_v2,0,p09.linked-native-causal/v12,local_c2,,A,,900,0,0,10,1,4,True,aad8821298c8d5b0c317243e3d2c3a544f844d5e769c96ff02e55f077c45129e,194f2f5fb50e3783bf73748f0daa8aad09090ddf47a3cdadc8ff60812bf85eb8,aad8821298c8d5b0c317243e3d2c3a544f844d5e769c96ff02e55f077c45129e,194f2f5fb50e3783bf73748f0daa8aad09090ddf47a3cdadc8ff60812bf85eb8,L6-1_v2__seed00,/mnt/data1/weizhiwei/AERO_WORLD_runtime/p09/linked_native_v12_remaining/L6-1_v2__seed00/adopted,PENDING
L6-1_v2__seed01,L6-1_v2,1,p09.linked-native-causal/v12,local_c2,,A,,900,0,0,10,1,4,True,aad8821298c8d5b0c317243e3d2c3a544f844d5e769c96ff02e55f077c45129e,194f2f5fb50e3783bf73748f0daa8aad09090ddf47a3cdadc8ff60812bf85eb8,aad8821298c8d5b0c317243e3d2c3a544f844d5e769c96ff02e55f077c45129e,194f2f5fb50e3783bf73748f0daa8aad09090ddf47a3cdadc8ff60812bf85eb8,L6-1_v2__seed01,/mnt/data1/weizhiwei/AERO_WORLD_runtime/p09/linked_native_v12_remaining/L6-1_v2__seed01/adopted,PENDING
L6-1_v2__seed02,L6-1_v2,2,p09.linked-native-causal/v12,local_c2,,A,,900,0,0,10,1,4,True,aad8821298c8d5b0c317243e3d2c3a544f844d5e769c96ff02e55f077c45129e,194f2f5fb50e3783bf73748f0daa8aad09090ddf47a3cdadc8ff60812bf85eb8,aad8821298c8d5b0c317243e3d2c3a544f844d5e769c96ff02e55f077c45129e,194f2f5fb50e3783bf73748f0daa8aad09090ddf47a3cdadc8ff60812bf85eb8,L6-1_v2__seed02,/mnt/data1/weizhiwei/AERO_WORLD_runtime/p09/linked_native_v12_remaining/L6-1_v2__seed02/adopted,PENDING
L5-1_v1__seed00,L5-1_v1,0,p09.linked-native-causal/v12,local_weather,p09.l5-1.rain-consecutive-original-ticks/v1,A,,900,0,0,18,0,9,True,467e3b930f0dd99f8b82412248584d20d42e30e3e7f3c38fef5ee99b5514dfbf,df631f52f524460c59c2778cd6d47103ffce50f85a15dc783d425a6755357b9b,4266941f629151ed8dbba9e03e5cbf98ab558825ca771d277cdcb221e0777317,df631f52f524460c59c2778cd6d47103ffce50f85a15dc783d425a6755357b9b,L5-1_v1__seed00,/mnt/data1/weizhiwei/AERO_WORLD_runtime/p09/linked_native_v12_remaining/L5-1_v1__seed00/adopted,PENDING
L5-1_v1__seed01,L5-1_v1,1,p09.linked-native-causal/v12,local_weather,p09.l5-1.rain-consecutive-original-ticks/v1,A,,900,0,0,18,0,9,True,467e3b930f0dd99f8b82412248584d20d42e30e3e7f3c38fef5ee99b5514dfbf,df631f52f524460c59c2778cd6d47103ffce50f85a15dc783d425a6755357b9b,4266941f629151ed8dbba9e03e5cbf98ab558825ca771d277cdcb221e0777317,df631f52f524460c59c2778cd6d47103ffce50f85a15dc783d425a6755357b9b,L5-1_v1__seed01,/mnt/data1/weizhiwei/AERO_WORLD_runtime/p09/linked_native_v12_remaining/L5-1_v1__seed01/adopted,PENDING
L5-1_v1__seed02,L5-1_v1,2,p09.linked-native-causal/v12,local_weather,p09.l5-1.rain-consecutive-original-ticks/v1,A,,900,0,0,18,0,9,True,467e3b930f0dd99f8b82412248584d20d42e30e3e7f3c38fef5ee99b5514dfbf,df631f52f524460c59c2778cd6d47103ffce50f85a15dc783d425a6755357b9b,4266941f629151ed8dbba9e03e5cbf98ab558825ca771d277cdcb221e0777317,df631f52f524460c59c2778cd6d47103ffce50f85a15dc783d425a6755357b9b,L5-1_v1__seed02,/mnt/data1/weizhiwei/AERO_WORLD_runtime/p09/linked_native_v12_remaining/L5-1_v1__seed02/adopted,PENDING
L5-1_v2__seed00,L5-1_v2,0,p09.linked-native-causal/v12,local_weather,p09.l5-1.rain-consecutive-original-ticks/v1,A,,900,0,0,19,0,10,True,694174868dcc77e4db8e631b2af47948e99d6e44f4950b8722411e24808b35b5,130862fddbee3a1e29a52ddeb088c44639f0df4692a7d6bbe58d69a657e006d2,1d6d76362a5ae668cd98fbe7b3ceafe660b08001367b931358402b2bdc3379b0,130862fddbee3a1e29a52ddeb088c44639f0df4692a7d6bbe58d69a657e006d2,L5-1_v2__seed00,/mnt/data1/weizhiwei/AERO_WORLD_runtime/p09/linked_native_v12_remaining/L5-1_v2__seed00/adopted,PENDING
L5-1_v2__seed01,L5-1_v2,1,p09.linked-native-causal/v12,local_weather,p09.l5-1.rain-consecutive-original-ticks/v1,A,,900,0,0,19,0,10,True,694174868dcc77e4db8e631b2af47948e99d6e44f4950b8722411e24808b35b5,130862fddbee3a1e29a52ddeb088c44639f0df4692a7d6bbe58d69a657e006d2,1d6d76362a5ae668cd98fbe7b3ceafe660b08001367b931358402b2bdc3379b0,130862fddbee3a1e29a52ddeb088c44639f0df4692a7d6bbe58d69a657e006d2,L5-1_v2__seed01,/mnt/data1/weizhiwei/AERO_WORLD_runtime/p09/linked_native_v12_remaining/L5-1_v2__seed01/adopted,PENDING
L5-1_v2__seed02,L5-1_v2,2,p09.linked-native-causal/v12,local_weather,p09.l5-1.rain-consecutive-original-ticks/v1,A,,900,0,0,19,0,10,True,694174868dcc77e4db8e631b2af47948e99d6e44f4950b8722411e24808b35b5,130862fddbee3a1e29a52ddeb088c44639f0df4692a7d6bbe58d69a657e006d2,1d6d76362a5ae668cd98fbe7b3ceafe660b08001367b931358402b2bdc3379b0,130862fddbee3a1e29a52ddeb088c44639f0df4692a7d6bbe58d69a657e006d2,L5-1_v2__seed02,/mnt/data1/weizhiwei/AERO_WORLD_runtime/p09/linked_native_v12_remaining/L5-1_v2__seed02/adopted,PENDING
X1_rain_to_c2loss_to_forced_landing__seed00,X1_rain_to_c2loss_to_forced_landing,0,p09.linked-native-causal/v12,rain_service_descent,,A,,900,0,0,36,0,14,True,34b9b1dd71c7ae47fd6a03635374e856a447171f82ecb15bdd808a7e9446f77f,180217e9619a20ffd6fd80b4d7d67163cab7638e432bd024f658993e9f560b30,49197ad404d0c306545e0b7d090e467969cfe30d2c8606ac90ff7f60c86a82e7,180217e9619a20ffd6fd80b4d7d67163cab7638e432bd024f658993e9f560b30,X1_rain_to_c2loss_to_forced_landing__seed00,/mnt/data1/weizhiwei/AERO_WORLD_runtime/p09/linked_native_v12_remaining/X1_rain_to_c2loss_to_forced_landing__seed00/adopted,PENDING
X1_rain_to_c2loss_to_forced_landing__seed01,X1_rain_to_c2loss_to_forced_landing,1,p09.linked-native-causal/v12,rain_service_descent,,A,,900,0,0,36,0,14,True,34b9b1dd71c7ae47fd6a03635374e856a447171f82ecb15bdd808a7e9446f77f,180217e9619a20ffd6fd80b4d7d67163cab7638e432bd024f658993e9f560b30,49197ad404d0c306545e0b7d090e467969cfe30d2c8606ac90ff7f60c86a82e7,180217e9619a20ffd6fd80b4d7d67163cab7638e432bd024f658993e9f560b30,X1_rain_to_c2loss_to_forced_landing__seed01,/mnt/data1/weizhiwei/AERO_WORLD_runtime/p09/linked_native_v12_remaining/X1_rain_to_c2loss_to_forced_landing__seed01/adopted,PENDING
X1_rain_to_c2loss_to_forced_landing__seed02,X1_rain_to_c2loss_to_forced_landing,2,p09.linked-native-causal/v12,rain_service_descent,,A,,900,0,0,36,0,14,True,34b9b1dd71c7ae47fd6a03635374e856a447171f82ecb15bdd808a7e9446f77f,180217e9619a20ffd6fd80b4d7d67163cab7638e432bd024f658993e9f560b30,49197ad404d0c306545e0b7d090e467969cfe30d2c8606ac90ff7f60c86a82e7,180217e9619a20ffd6fd80b4d7d67163cab7638e432bd024f658993e9f560b30,X1_rain_to_c2loss_to_forced_landing__seed02,/mnt/data1/weizhiwei/AERO_WORLD_runtime/p09/linked_native_v12_remaining/X1_rain_to_c2loss_to_forced_landing__seed02/adopted,PENDING
L6-4_v1__seed00,L6-4_v1,0,p09.linked-native-causal/v12,cochannel_backup,,A,,982,8,8,16,2,8,True,798017de70a367fb5675d46cd49f429c194c28ec52e6213b6590255645509e6d,e0905cd75ba3d01a1d5f75cd704c72c1219d738ccbbe6410e5c8eae899a6034b,55ee2652b4338ddc13c0389cf3ef7785f1c9fcdb09090c58fbc53c1b7d5f9537,ca1546576b4ce4159731671f4cddeb0b789aa98535222800afe78a14bc85ba45,L6-4_v1__seed00,/mnt/data1/weizhiwei/AERO_WORLD_runtime/p09/linked_native_v12_remaining/L6-4_v1__seed00/adopted,PENDING
L6-4_v1__seed01,L6-4_v1,1,p09.linked-native-causal/v12,cochannel_backup,,A,,900,8,8,16,2,8,True,798017de70a367fb5675d46cd49f429c194c28ec52e6213b6590255645509e6d,e0905cd75ba3d01a1d5f75cd704c72c1219d738ccbbe6410e5c8eae899a6034b,55ee2652b4338ddc13c0389cf3ef7785f1c9fcdb09090c58fbc53c1b7d5f9537,ca1546576b4ce4159731671f4cddeb0b789aa98535222800afe78a14bc85ba45,L6-4_v1__seed01,/mnt/data1/weizhiwei/AERO_WORLD_runtime/p09/linked_native_v12_remaining/L6-4_v1__seed01/adopted,PENDING
L6-4_v1__seed02,L6-4_v1,2,p09.linked-native-causal/v12,cochannel_backup,,A,multi_uav_hold_entry|multi_uav_safe_hold|alternate_channel|lifecycle_landing_uav_digital_l6_4_v1|lifecycle_landing_uav_digital_l6_4_v1_secondary|multi_uav_hold_entry:local:uav_digital_l6_4_v1|multi_uav_hold_entry:local:uav_digital_l6_4_v1_secondary|multi_uav_safe_hold:local:uav_digital_l6_4_v1|multi_uav_safe_hold:local:uav_digital_l6_4_v1_secondary|alternate_channel:local:uav_digital_l6_4_v1|alternate_channel:local:uav_digital_l6_4_v1_secondary,900,0,0,6,2,2,False,798017de70a367fb5675d46cd49f429c194c28ec52e6213b6590255645509e6d,e0905cd75ba3d01a1d5f75cd704c72c1219d738ccbbe6410e5c8eae899a6034b,55ee2652b4338ddc13c0389cf3ef7785f1c9fcdb09090c58fbc53c1b7d5f9537,ca1546576b4ce4159731671f4cddeb0b789aa98535222800afe78a14bc85ba45,L6-4_v1__seed02,/mnt/data1/weizhiwei/AERO_WORLD_runtime/p09/linked_native_v12_remaining/L6-4_v1__seed02/adopted,BLOCKED_UNFIRED_AUTHORED_CHAIN
L6-4_v2__seed00,L6-4_v2,0,p09.linked-native-causal/v12,cochannel_backup,,A,,928,8,8,16,2,8,True,4f99989cfb512765b883adf45f2e13a976fa293938b8e8723db49f2614143eed,05ad4c78457da2b748c4d3d0c68b6f4cdddc2e344fd38e2c3b4b11e1d942e0df,7102a01df390deda45ca57cb0a05c29bffc2ba5a4e5f75c354b03c9fcd372954,4fe170300c918118214ff4000ad6a2728237878fadca2a3f7810e055fee111d8,L6-4_v2__seed00,/mnt/data1/weizhiwei/AERO_WORLD_runtime/p09/linked_native_v12_remaining/L6-4_v2__seed00/adopted,PENDING
L6-4_v2__seed01,L6-4_v2,1,p09.linked-native-causal/v12,cochannel_backup,,A,,900,8,8,16,2,8,True,4f99989cfb512765b883adf45f2e13a976fa293938b8e8723db49f2614143eed,05ad4c78457da2b748c4d3d0c68b6f4cdddc2e344fd38e2c3b4b11e1d942e0df,7102a01df390deda45ca57cb0a05c29bffc2ba5a4e5f75c354b03c9fcd372954,4fe170300c918118214ff4000ad6a2728237878fadca2a3f7810e055fee111d8,L6-4_v2__seed01,/mnt/data1/weizhiwei/AERO_WORLD_runtime/p09/linked_native_v12_remaining/L6-4_v2__seed01/adopted,PENDING
L6-4_v2__seed02,L6-4_v2,2,p09.linked-native-causal/v12,cochannel_backup,,A,multi_uav_hold_entry|multi_uav_safe_hold|alternate_channel|lifecycle_landing_uav_digital_l6_4_v2|multi_uav_hold_entry:local:uav_digital_l6_4_v2|multi_uav_safe_hold:local:uav_digital_l6_4_v2|alternate_channel:local:uav_digital_l6_4_v2,900,4,4,11,2,5,False,4f99989cfb512765b883adf45f2e13a976fa293938b8e8723db49f2614143eed,05ad4c78457da2b748c4d3d0c68b6f4cdddc2e344fd38e2c3b4b11e1d942e0df,7102a01df390deda45ca57cb0a05c29bffc2ba5a4e5f75c354b03c9fcd372954,4fe170300c918118214ff4000ad6a2728237878fadca2a3f7810e055fee111d8,L6-4_v2__seed02,/mnt/data1/weizhiwei/AERO_WORLD_runtime/p09/linked_native_v12_remaining/L6-4_v2__seed02/adopted,BLOCKED_UNFIRED_AUTHORED_CHAIN
