episode_id,scenario_id,seed,group,adoption_status,story_status,recorded_source_duration_ticks,capture_duration_ticks,planned_capture_frames,unfired_events
L2-1_v1__seed00,L2-1_v1,0,reviewed_linked_source,SOURCE_SELECTED_FOR_UPDATE_ASSEMBLY,ALL_DECLARED_EVENTS_FIRED,900,900,181,[]
L2-1_v1__seed01,L2-1_v1,1,reviewed_linked_source,SOURCE_SELECTED_FOR_UPDATE_ASSEMBLY,ALL_DECLARED_EVENTS_FIRED,900,900,181,[]
L2-1_v1__seed02,L2-1_v1,2,reviewed_linked_source,SOURCE_SELECTED_FOR_UPDATE_ASSEMBLY,ALL_DECLARED_EVENTS_FIRED,900,900,181,[]
L2-1_v2__seed00,L2-1_v2,0,reviewed_linked_source,SOURCE_SELECTED_FOR_UPDATE_ASSEMBLY,ALL_DECLARED_EVENTS_FIRED,900,900,181,[]
L2-1_v2__seed01,L2-1_v2,1,reviewed_linked_source,SOURCE_SELECTED_FOR_UPDATE_ASSEMBLY,ALL_DECLARED_EVENTS_FIRED,900,900,181,[]
L2-1_v2__seed02,L2-1_v2,2,reviewed_linked_source,SOURCE_SELECTED_FOR_UPDATE_ASSEMBLY,ALL_DECLARED_EVENTS_FIRED,900,900,181,[]
L5-1_v1__seed00,L5-1_v1,0,reviewed_linked_source,SOURCE_SELECTED_FOR_UPDATE_ASSEMBLY,ALL_DECLARED_EVENTS_FIRED,900,900,181,[]
L5-1_v1__seed01,L5-1_v1,1,reviewed_linked_source,SOURCE_SELECTED_FOR_UPDATE_ASSEMBLY,ALL_DECLARED_EVENTS_FIRED,900,900,181,[]
L5-1_v1__seed02,L5-1_v1,2,reviewed_linked_source,SOURCE_SELECTED_FOR_UPDATE_ASSEMBLY,ALL_DECLARED_EVENTS_FIRED,900,900,181,[]
L5-1_v2__seed00,L5-1_v2,0,reviewed_linked_source,SOURCE_SELECTED_FOR_UPDATE_ASSEMBLY,ALL_DECLARED_EVENTS_FIRED,900,900,181,[]
L5-1_v2__seed01,L5-1_v2,1,reviewed_linked_source,SOURCE_SELECTED_FOR_UPDATE_ASSEMBLY,ALL_DECLARED_EVENTS_FIRED,900,900,181,[]
L5-1_v2__seed02,L5-1_v2,2,reviewed_linked_source,SOURCE_SELECTED_FOR_UPDATE_ASSEMBLY,ALL_DECLARED_EVENTS_FIRED,900,900,181,[]
L6-1_v1__seed00,L6-1_v1,0,reviewed_linked_source,SOURCE_SELECTED_FOR_UPDATE_ASSEMBLY,ALL_DECLARED_EVENTS_FIRED,900,900,181,[]
L6-1_v1__seed01,L6-1_v1,1,reviewed_linked_source,SOURCE_SELECTED_FOR_UPDATE_ASSEMBLY,ALL_DECLARED_EVENTS_FIRED,900,900,181,[]
L6-1_v1__seed02,L6-1_v1,2,reviewed_linked_source,SOURCE_SELECTED_FOR_UPDATE_ASSEMBLY,ALL_DECLARED_EVENTS_FIRED,900,900,181,[]
L6-1_v2__seed00,L6-1_v2,0,reviewed_linked_source,SOURCE_SELECTED_FOR_UPDATE_ASSEMBLY,ALL_DECLARED_EVENTS_FIRED,900,900,181,[]
L6-1_v2__seed01,L6-1_v2,1,reviewed_linked_source,SOURCE_SELECTED_FOR_UPDATE_ASSEMBLY,ALL_DECLARED_EVENTS_FIRED,900,900,181,[]
L6-1_v2__seed02,L6-1_v2,2,reviewed_linked_source,SOURCE_SELECTED_FOR_UPDATE_ASSEMBLY,ALL_DECLARED_EVENTS_FIRED,900,900,181,[]
L6-2_v1__seed00,L6-2_v1,0,l6_2_receipt_v5,PASS_PLAN_ADOPTED_RECAPTURE_REQUIRED,REVIEWED_CAUSAL_RECEIPT_AND_LANDING,900,900,181,[]
L6-2_v1__seed01,L6-2_v1,1,l6_2_receipt_v5,PASS_PLAN_ADOPTED_RECAPTURE_REQUIRED,REVIEWED_CAUSAL_RECEIPT_AND_LANDING,900,900,181,[]
L6-2_v1__seed02,L6-2_v1,2,l6_2_receipt_v5,PASS_PLAN_ADOPTED_RECAPTURE_REQUIRED,REVIEWED_CAUSAL_RECEIPT_AND_LANDING,900,900,181,[]
L6-2_v2__seed00,L6-2_v2,0,l6_2_receipt_v5,PASS_PLAN_ADOPTED_RECAPTURE_REQUIRED,REVIEWED_CAUSAL_RECEIPT_AND_LANDING,900,900,181,[]
L6-2_v2__seed01,L6-2_v2,1,l6_2_receipt_v5,PASS_PLAN_ADOPTED_RECAPTURE_REQUIRED,REVIEWED_CAUSAL_RECEIPT_AND_LANDING,900,900,181,[]
L6-2_v2__seed02,L6-2_v2,2,l6_2_receipt_v5,PASS_PLAN_ADOPTED_RECAPTURE_REQUIRED,REVIEWED_CAUSAL_RECEIPT_AND_LANDING,900,900,181,[]
L6-4_v1__seed00,L6-4_v1,0,old_peer_load_actual_results,RETAINED_SAME_OLD_PEER_GROUP_ACTUAL_RESULT,ALL_DECLARED_EVENTS_FIRED,982,900,181,[]
L6-4_v1__seed01,L6-4_v1,1,old_peer_load_actual_results,RETAINED_SAME_OLD_PEER_GROUP_ACTUAL_RESULT,ALL_DECLARED_EVENTS_FIRED,900,900,181,[]
L6-4_v1__seed02,L6-4_v1,2,old_peer_load_actual_results,RETAINED_SAME_OLD_PEER_GROUP_ACTUAL_RESULT,INCOMPLETE,900,900,181,"[""multi_uav_hold_entry"", ""multi_uav_safe_hold"", ""alternate_channel"", ""lifecycle_landing_uav_digital_l6_4_v1"", ""lifecycle_landing_uav_digital_l6_4_v1_secondary"", ""multi_uav_hold_entry:local:uav_digital_l6_4_v1"", ""multi_uav_hold_entry:local:uav_digital_l6_4_v1_secondary"", ""multi_uav_safe_hold:local:uav_digital_l6_4_v1"", ""multi_uav_safe_hold:local:uav_digital_l6_4_v1_secondary"", ""alternate_channel:local:uav_digital_l6_4_v1"", ""alternate_channel:local:uav_digital_l6_4_v1_secondary""]"
L6-4_v2__seed00,L6-4_v2,0,old_peer_load_actual_results,RETAINED_SAME_OLD_PEER_GROUP_ACTUAL_RESULT,ALL_DECLARED_EVENTS_FIRED,928,900,181,[]
L6-4_v2__seed01,L6-4_v2,1,old_peer_load_actual_results,RETAINED_SAME_OLD_PEER_GROUP_ACTUAL_RESULT,ALL_DECLARED_EVENTS_FIRED,900,900,181,[]
L6-4_v2__seed02,L6-4_v2,2,old_peer_load_actual_results,RETAINED_SAME_OLD_PEER_GROUP_ACTUAL_RESULT,INCOMPLETE,900,900,181,"[""multi_uav_hold_entry"", ""multi_uav_safe_hold"", ""alternate_channel"", ""lifecycle_landing_uav_digital_l6_4_v2"", ""multi_uav_hold_entry:local:uav_digital_l6_4_v2"", ""multi_uav_safe_hold:local:uav_digital_l6_4_v2"", ""alternate_channel:local:uav_digital_l6_4_v2""]"
X1_rain_to_c2loss_to_forced_landing__seed00,X1_rain_to_c2loss_to_forced_landing,0,reviewed_linked_source,SOURCE_SELECTED_FOR_UPDATE_ASSEMBLY,ALL_DECLARED_EVENTS_FIRED,900,900,181,[]
X1_rain_to_c2loss_to_forced_landing__seed01,X1_rain_to_c2loss_to_forced_landing,1,reviewed_linked_source,SOURCE_SELECTED_FOR_UPDATE_ASSEMBLY,ALL_DECLARED_EVENTS_FIRED,900,900,181,[]
X1_rain_to_c2loss_to_forced_landing__seed02,X1_rain_to_c2loss_to_forced_landing,2,reviewed_linked_source,SOURCE_SELECTED_FOR_UPDATE_ASSEMBLY,ALL_DECLARED_EVENTS_FIRED,900,900,181,[]
X5_comm_failure_to_pad_contention__seed00,X5_comm_failure_to_pad_contention,0,reviewed_linked_source,SOURCE_SELECTED_FOR_UPDATE_ASSEMBLY,ALL_DECLARED_EVENTS_FIRED,900,900,181,[]
X5_comm_failure_to_pad_contention__seed01,X5_comm_failure_to_pad_contention,1,reviewed_linked_source,SOURCE_SELECTED_FOR_UPDATE_ASSEMBLY,ALL_DECLARED_EVENTS_FIRED,900,900,181,[]
X5_comm_failure_to_pad_contention__seed02,X5_comm_failure_to_pad_contention,2,reviewed_linked_source,SOURCE_SELECTED_FOR_UPDATE_ASSEMBLY,ALL_DECLARED_EVENTS_FIRED,900,900,181,[]
