episode_id,scenario_id,original_seed,original_archive_ref,original_source_manifest_ref,current_adoption_ref,current_change_table_release_adoption,current_candidate_status,scenario_seed_unique_check,v14_overlay_present,split_group
L1-1_v1__seed00,L1-1_v1,0,L1-1_v1__seed00.tar.zst,aw_data/render_ready_episodes_capture_filtered/L1-1_v1__seed00/episode_manifest.json,aw_data/render_ready_episodes_capture_filtered/L1-1_v1__seed00,NO_CANDIDATE_ADOPTED,NOT_RUN,OK_70x3,no,L1-1_v1__seed00
L1-1_v1__seed01,L1-1_v1,1,L1-1_v1__seed01.tar.zst,aw_data/render_ready_episodes_capture_filtered/L1-1_v1__seed01/episode_manifest.json,aw_data/render_ready_episodes_capture_filtered/L1-1_v1__seed01,NO_CANDIDATE_ADOPTED,NOT_RUN,OK_70x3,no,L1-1_v1__seed01
L1-1_v1__seed02,L1-1_v1,2,L1-1_v1__seed02.tar.zst,aw_data/render_ready_episodes_capture_filtered/L1-1_v1__seed02/episode_manifest.json,aw_data/render_ready_episodes_capture_filtered/L1-1_v1__seed02,NO_CANDIDATE_ADOPTED,NOT_RUN,OK_70x3,no,L1-1_v1__seed02
L1-1_v2__seed00,L1-1_v2,0,L1-1_v2__seed00.tar.zst,aw_data/render_ready_episodes_capture_filtered/L1-1_v2__seed00/episode_manifest.json,aw_data/render_ready_episodes_capture_filtered/L1-1_v2__seed00,NO_CANDIDATE_ADOPTED,NOT_RUN,OK_70x3,no,L1-1_v2__seed00
L1-1_v2__seed01,L1-1_v2,1,L1-1_v2__seed01.tar.zst,aw_data/render_ready_episodes_capture_filtered/L1-1_v2__seed01/episode_manifest.json,aw_data/render_ready_episodes_capture_filtered/L1-1_v2__seed01,NO_CANDIDATE_ADOPTED,NOT_RUN,OK_70x3,no,L1-1_v2__seed01
L1-1_v2__seed02,L1-1_v2,2,L1-1_v2__seed02.tar.zst,aw_data/render_ready_episodes_capture_filtered/L1-1_v2__seed02/episode_manifest.json,aw_data/render_ready_episodes_capture_filtered/L1-1_v2__seed02,NO_CANDIDATE_ADOPTED,NOT_RUN,OK_70x3,no,L1-1_v2__seed02
L1-2_v1__seed00,L1-2_v1,0,L1-2_v1__seed00.tar.zst,aw_data/render_ready_episodes_capture_filtered/L1-2_v1__seed00/episode_manifest.json,aw_data/render_ready_episodes_capture_filtered/L1-2_v1__seed00,NO_CANDIDATE_ADOPTED,NOT_RUN,OK_70x3,no,L1-2_v1__seed00
L1-2_v1__seed01,L1-2_v1,1,L1-2_v1__seed01.tar.zst,aw_data/render_ready_episodes_capture_filtered/L1-2_v1__seed01/episode_manifest.json,aw_data/render_ready_episodes_capture_filtered/L1-2_v1__seed01,NO_CANDIDATE_ADOPTED,NOT_RUN,OK_70x3,no,L1-2_v1__seed01
L1-2_v1__seed02,L1-2_v1,2,L1-2_v1__seed02.tar.zst,aw_data/render_ready_episodes_capture_filtered/L1-2_v1__seed02/episode_manifest.json,aw_data/render_ready_episodes_capture_filtered/L1-2_v1__seed02,NO_CANDIDATE_ADOPTED,NOT_RUN,OK_70x3,no,L1-2_v1__seed02
L1-3_v1__seed00,L1-3_v1,0,L1-3_v1__seed00.tar.zst,aw_data/render_ready_episodes_capture_filtered/L1-3_v1__seed00/episode_manifest.json,aw_data/render_ready_episodes_capture_filtered/L1-3_v1__seed00,NO_CANDIDATE_ADOPTED,NOT_RUN,OK_70x3,no,L1-3_v1__seed00
L1-3_v1__seed01,L1-3_v1,1,L1-3_v1__seed01.tar.zst,aw_data/render_ready_episodes_capture_filtered/L1-3_v1__seed01/episode_manifest.json,aw_data/render_ready_episodes_capture_filtered/L1-3_v1__seed01,NO_CANDIDATE_ADOPTED,NOT_RUN,OK_70x3,no,L1-3_v1__seed01
L1-3_v1__seed02,L1-3_v1,2,L1-3_v1__seed02.tar.zst,aw_data/render_ready_episodes_capture_filtered/L1-3_v1__seed02/episode_manifest.json,aw_data/render_ready_episodes_capture_filtered/L1-3_v1__seed02,NO_CANDIDATE_ADOPTED,NOT_RUN,OK_70x3,no,L1-3_v1__seed02
L1-3_v2__seed00,L1-3_v2,0,L1-3_v2__seed00.tar.zst,aw_data/render_ready_episodes_capture_filtered/L1-3_v2__seed00/episode_manifest.json,aw_data/render_ready_episodes_capture_filtered/L1-3_v2__seed00,NO_CANDIDATE_ADOPTED,NOT_RUN,OK_70x3,no,L1-3_v2__seed00
L1-3_v2__seed01,L1-3_v2,1,L1-3_v2__seed01.tar.zst,aw_data/render_ready_episodes_capture_filtered/L1-3_v2__seed01/episode_manifest.json,aw_data/render_ready_episodes_capture_filtered/L1-3_v2__seed01,NO_CANDIDATE_ADOPTED,NOT_RUN,OK_70x3,no,L1-3_v2__seed01
L1-3_v2__seed02,L1-3_v2,2,L1-3_v2__seed02.tar.zst,aw_data/render_ready_episodes_capture_filtered/L1-3_v2__seed02/episode_manifest.json,aw_data/render_ready_episodes_capture_filtered/L1-3_v2__seed02,NO_CANDIDATE_ADOPTED,NOT_RUN,OK_70x3,no,L1-3_v2__seed02
L1-4_v1__seed00,L1-4_v1,0,L1-4_v1__seed00.tar.zst,aw_data/render_ready_episodes_capture_filtered/L1-4_v1__seed00/episode_manifest.json,aw_data/render_ready_episodes_capture_filtered/L1-4_v1__seed00,NO_CANDIDATE_ADOPTED,NOT_RUN,OK_70x3,no,L1-4_v1__seed00
L1-4_v1__seed01,L1-4_v1,1,L1-4_v1__seed01.tar.zst,aw_data/render_ready_episodes_capture_filtered/L1-4_v1__seed01/episode_manifest.json,aw_data/render_ready_episodes_capture_filtered/L1-4_v1__seed01,NO_CANDIDATE_ADOPTED,NOT_RUN,OK_70x3,no,L1-4_v1__seed01
L1-4_v1__seed02,L1-4_v1,2,L1-4_v1__seed02.tar.zst,aw_data/render_ready_episodes_capture_filtered/L1-4_v1__seed02/episode_manifest.json,aw_data/render_ready_episodes_capture_filtered/L1-4_v1__seed02,NO_CANDIDATE_ADOPTED,NOT_RUN,OK_70x3,no,L1-4_v1__seed02
L1-4_v2__seed00,L1-4_v2,0,L1-4_v2__seed00.tar.zst,aw_data/render_ready_episodes_capture_filtered/L1-4_v2__seed00/episode_manifest.json,aw_data/render_ready_episodes_capture_filtered/L1-4_v2__seed00,NO_CANDIDATE_ADOPTED,NOT_RUN,OK_70x3,no,L1-4_v2__seed00
L1-4_v2__seed01,L1-4_v2,1,L1-4_v2__seed01.tar.zst,aw_data/render_ready_episodes_capture_filtered/L1-4_v2__seed01/episode_manifest.json,aw_data/render_ready_episodes_capture_filtered/L1-4_v2__seed01,NO_CANDIDATE_ADOPTED,NOT_RUN,OK_70x3,no,L1-4_v2__seed01
L1-4_v2__seed02,L1-4_v2,2,L1-4_v2__seed02.tar.zst,aw_data/render_ready_episodes_capture_filtered/L1-4_v2__seed02/episode_manifest.json,aw_data/render_ready_episodes_capture_filtered/L1-4_v2__seed02,NO_CANDIDATE_ADOPTED,NOT_RUN,OK_70x3,no,L1-4_v2__seed02
L2-1_v1__seed00,L2-1_v1,0,L2-1_v1__seed00.tar.zst,aw_data/render_ready_episodes_capture_filtered/L2-1_v1__seed00/episode_manifest.json,aw_data/render_ready_episodes_capture_filtered/L2-1_v1__seed00,NO_CANDIDATE_ADOPTED,NOT_RUN,OK_70x3,yes,L2-1_v1__seed00
L2-1_v1__seed01,L2-1_v1,1,L2-1_v1__seed01.tar.zst,aw_data/render_ready_episodes_capture_filtered/L2-1_v1__seed01/episode_manifest.json,aw_data/render_ready_episodes_capture_filtered/L2-1_v1__seed01,NO_CANDIDATE_ADOPTED,NOT_RUN,OK_70x3,yes,L2-1_v1__seed01
L2-1_v1__seed02,L2-1_v1,2,L2-1_v1__seed02.tar.zst,aw_data/render_ready_episodes_capture_filtered/L2-1_v1__seed02/episode_manifest.json,aw_data/render_ready_episodes_capture_filtered/L2-1_v1__seed02,NO_CANDIDATE_ADOPTED,NOT_RUN,OK_70x3,yes,L2-1_v1__seed02
L2-1_v2__seed00,L2-1_v2,0,L2-1_v2__seed00.tar.zst,aw_data/render_ready_episodes_capture_filtered/L2-1_v2__seed00/episode_manifest.json,aw_data/render_ready_episodes_capture_filtered/L2-1_v2__seed00,NO_CANDIDATE_ADOPTED,NOT_RUN,OK_70x3,yes,L2-1_v2__seed00
L2-1_v2__seed01,L2-1_v2,1,L2-1_v2__seed01.tar.zst,aw_data/render_ready_episodes_capture_filtered/L2-1_v2__seed01/episode_manifest.json,aw_data/render_ready_episodes_capture_filtered/L2-1_v2__seed01,NO_CANDIDATE_ADOPTED,NOT_RUN,OK_70x3,yes,L2-1_v2__seed01
L2-1_v2__seed02,L2-1_v2,2,L2-1_v2__seed02.tar.zst,aw_data/render_ready_episodes_capture_filtered/L2-1_v2__seed02/episode_manifest.json,aw_data/render_ready_episodes_capture_filtered/L2-1_v2__seed02,NO_CANDIDATE_ADOPTED,NOT_RUN,OK_70x3,yes,L2-1_v2__seed02
L2-2_v1__seed00,L2-2_v1,0,L2-2_v1__seed00.tar.zst,aw_data/render_ready_episodes_capture_filtered/L2-2_v1__seed00/episode_manifest.json,aw_data/render_ready_episodes_capture_filtered/L2-2_v1__seed00,NO_CANDIDATE_ADOPTED,NOT_RUN,OK_70x3,no,L2-2_v1__seed00
L2-2_v1__seed01,L2-2_v1,1,L2-2_v1__seed01.tar.zst,aw_data/render_ready_episodes_capture_filtered/L2-2_v1__seed01/episode_manifest.json,aw_data/render_ready_episodes_capture_filtered/L2-2_v1__seed01,NO_CANDIDATE_ADOPTED,NOT_RUN,OK_70x3,no,L2-2_v1__seed01
L2-2_v1__seed02,L2-2_v1,2,L2-2_v1__seed02.tar.zst,aw_data/render_ready_episodes_capture_filtered/L2-2_v1__seed02/episode_manifest.json,aw_data/render_ready_episodes_capture_filtered/L2-2_v1__seed02,NO_CANDIDATE_ADOPTED,NOT_RUN,OK_70x3,no,L2-2_v1__seed02
L2-2_v2__seed00,L2-2_v2,0,L2-2_v2__seed00.tar.zst,aw_data/render_ready_episodes_capture_filtered/L2-2_v2__seed00/episode_manifest.json,aw_data/render_ready_episodes_capture_filtered/L2-2_v2__seed00,NO_CANDIDATE_ADOPTED,NOT_RUN,OK_70x3,no,L2-2_v2__seed00
L2-2_v2__seed01,L2-2_v2,1,L2-2_v2__seed01.tar.zst,aw_data/render_ready_episodes_capture_filtered/L2-2_v2__seed01/episode_manifest.json,aw_data/render_ready_episodes_capture_filtered/L2-2_v2__seed01,NO_CANDIDATE_ADOPTED,NOT_RUN,OK_70x3,no,L2-2_v2__seed01
L2-2_v2__seed02,L2-2_v2,2,L2-2_v2__seed02.tar.zst,aw_data/render_ready_episodes_capture_filtered/L2-2_v2__seed02/episode_manifest.json,aw_data/render_ready_episodes_capture_filtered/L2-2_v2__seed02,NO_CANDIDATE_ADOPTED,NOT_RUN,OK_70x3,no,L2-2_v2__seed02
L2-3_v1__seed00,L2-3_v1,0,L2-3_v1__seed00.tar.zst,aw_data/render_ready_episodes_capture_filtered/L2-3_v1__seed00/episode_manifest.json,aw_data/render_ready_episodes_capture_filtered/L2-3_v1__seed00,NO_CANDIDATE_ADOPTED,NOT_RUN,OK_70x3,no,L2-3_v1__seed00
L2-3_v1__seed01,L2-3_v1,1,L2-3_v1__seed01.tar.zst,aw_data/render_ready_episodes_capture_filtered/L2-3_v1__seed01/episode_manifest.json,aw_data/render_ready_episodes_capture_filtered/L2-3_v1__seed01,NO_CANDIDATE_ADOPTED,NOT_RUN,OK_70x3,no,L2-3_v1__seed01
L2-3_v1__seed02,L2-3_v1,2,L2-3_v1__seed02.tar.zst,aw_data/render_ready_episodes_capture_filtered/L2-3_v1__seed02/episode_manifest.json,aw_data/render_ready_episodes_capture_filtered/L2-3_v1__seed02,NO_CANDIDATE_ADOPTED,NOT_RUN,OK_70x3,no,L2-3_v1__seed02
L2-3_v2__seed00,L2-3_v2,0,L2-3_v2__seed00.tar.zst,aw_data/render_ready_episodes_capture_filtered/L2-3_v2__seed00/episode_manifest.json,aw_data/render_ready_episodes_capture_filtered/L2-3_v2__seed00,NO_CANDIDATE_ADOPTED,NOT_RUN,OK_70x3,no,L2-3_v2__seed00
L2-3_v2__seed01,L2-3_v2,1,L2-3_v2__seed01.tar.zst,aw_data/render_ready_episodes_capture_filtered/L2-3_v2__seed01/episode_manifest.json,aw_data/render_ready_episodes_capture_filtered/L2-3_v2__seed01,NO_CANDIDATE_ADOPTED,NOT_RUN,OK_70x3,no,L2-3_v2__seed01
L2-3_v2__seed02,L2-3_v2,2,L2-3_v2__seed02.tar.zst,aw_data/render_ready_episodes_capture_filtered/L2-3_v2__seed02/episode_manifest.json,aw_data/render_ready_episodes_capture_filtered/L2-3_v2__seed02,NO_CANDIDATE_ADOPTED,NOT_RUN,OK_70x3,no,L2-3_v2__seed02
L2-4_v1__seed00,L2-4_v1,0,L2-4_v1__seed00.tar.zst,aw_data/render_ready_episodes_capture_filtered/L2-4_v1__seed00/episode_manifest.json,aw_data/render_ready_episodes_capture_filtered/L2-4_v1__seed00,NO_CANDIDATE_ADOPTED,NOT_RUN,OK_70x3,no,L2-4_v1__seed00
L2-4_v1__seed01,L2-4_v1,1,L2-4_v1__seed01.tar.zst,aw_data/render_ready_episodes_capture_filtered/L2-4_v1__seed01/episode_manifest.json,aw_data/render_ready_episodes_capture_filtered/L2-4_v1__seed01,NO_CANDIDATE_ADOPTED,NOT_RUN,OK_70x3,no,L2-4_v1__seed01
L2-4_v1__seed02,L2-4_v1,2,L2-4_v1__seed02.tar.zst,aw_data/render_ready_episodes_capture_filtered/L2-4_v1__seed02/episode_manifest.json,aw_data/render_ready_episodes_capture_filtered/L2-4_v1__seed02,NO_CANDIDATE_ADOPTED,NOT_RUN,OK_70x3,no,L2-4_v1__seed02
L2-4_v2__seed00,L2-4_v2,0,L2-4_v2__seed00.tar.zst,aw_data/render_ready_episodes_capture_filtered/L2-4_v2__seed00/episode_manifest.json,aw_data/render_ready_episodes_capture_filtered/L2-4_v2__seed00,NO_CANDIDATE_ADOPTED,NOT_RUN,OK_70x3,no,L2-4_v2__seed00
L2-4_v2__seed01,L2-4_v2,1,L2-4_v2__seed01.tar.zst,aw_data/render_ready_episodes_capture_filtered/L2-4_v2__seed01/episode_manifest.json,aw_data/render_ready_episodes_capture_filtered/L2-4_v2__seed01,NO_CANDIDATE_ADOPTED,NOT_RUN,OK_70x3,no,L2-4_v2__seed01
L2-4_v2__seed02,L2-4_v2,2,L2-4_v2__seed02.tar.zst,aw_data/render_ready_episodes_capture_filtered/L2-4_v2__seed02/episode_manifest.json,aw_data/render_ready_episodes_capture_filtered/L2-4_v2__seed02,NO_CANDIDATE_ADOPTED,NOT_RUN,OK_70x3,no,L2-4_v2__seed02
L2-5_v1__seed00,L2-5_v1,0,L2-5_v1__seed00.tar.zst,aw_data/render_ready_episodes_capture_filtered/L2-5_v1__seed00/episode_manifest.json,aw_data/render_ready_episodes_capture_filtered/L2-5_v1__seed00,NO_CANDIDATE_ADOPTED,NOT_RUN,OK_70x3,no,L2-5_v1__seed00
L2-5_v1__seed01,L2-5_v1,1,L2-5_v1__seed01.tar.zst,aw_data/render_ready_episodes_capture_filtered/L2-5_v1__seed01/episode_manifest.json,aw_data/render_ready_episodes_capture_filtered/L2-5_v1__seed01,NO_CANDIDATE_ADOPTED,NOT_RUN,OK_70x3,no,L2-5_v1__seed01
L2-5_v1__seed02,L2-5_v1,2,L2-5_v1__seed02.tar.zst,aw_data/render_ready_episodes_capture_filtered/L2-5_v1__seed02/episode_manifest.json,aw_data/render_ready_episodes_capture_filtered/L2-5_v1__seed02,NO_CANDIDATE_ADOPTED,NOT_RUN,OK_70x3,no,L2-5_v1__seed02
L3-1_v1__seed00,L3-1_v1,0,L3-1_v1__seed00.tar.zst,aw_data/render_ready_episodes_capture_filtered/L3-1_v1__seed00/episode_manifest.json,aw_data/render_ready_episodes_capture_filtered/L3-1_v1__seed00,NO_CANDIDATE_ADOPTED,NOT_RUN,OK_70x3,no,L3-1_v1__seed00
L3-1_v1__seed01,L3-1_v1,1,L3-1_v1__seed01.tar.zst,aw_data/render_ready_episodes_capture_filtered/L3-1_v1__seed01/episode_manifest.json,aw_data/render_ready_episodes_capture_filtered/L3-1_v1__seed01,NO_CANDIDATE_ADOPTED,NOT_RUN,OK_70x3,no,L3-1_v1__seed01
L3-1_v1__seed02,L3-1_v1,2,L3-1_v1__seed02.tar.zst,aw_data/render_ready_episodes_capture_filtered/L3-1_v1__seed02/episode_manifest.json,aw_data/render_ready_episodes_capture_filtered/L3-1_v1__seed02,NO_CANDIDATE_ADOPTED,NOT_RUN,OK_70x3,no,L3-1_v1__seed02
L3-2_v1__seed00,L3-2_v1,0,L3-2_v1__seed00.tar.zst,aw_data/render_ready_episodes_capture_filtered/L3-2_v1__seed00/episode_manifest.json,aw_data/render_ready_episodes_capture_filtered/L3-2_v1__seed00,NO_CANDIDATE_ADOPTED,NOT_RUN,OK_70x3,no,L3-2_v1__seed00
L3-2_v1__seed01,L3-2_v1,1,L3-2_v1__seed01.tar.zst,aw_data/render_ready_episodes_capture_filtered/L3-2_v1__seed01/episode_manifest.json,aw_data/render_ready_episodes_capture_filtered/L3-2_v1__seed01,NO_CANDIDATE_ADOPTED,NOT_RUN,OK_70x3,no,L3-2_v1__seed01
L3-2_v1__seed02,L3-2_v1,2,L3-2_v1__seed02.tar.zst,aw_data/render_ready_episodes_capture_filtered/L3-2_v1__seed02/episode_manifest.json,aw_data/render_ready_episodes_capture_filtered/L3-2_v1__seed02,NO_CANDIDATE_ADOPTED,NOT_RUN,OK_70x3,no,L3-2_v1__seed02
L3-2_v2__seed00,L3-2_v2,0,L3-2_v2__seed00.tar.zst,aw_data/render_ready_episodes_capture_filtered/L3-2_v2__seed00/episode_manifest.json,aw_data/render_ready_episodes_capture_filtered/L3-2_v2__seed00,NO_CANDIDATE_ADOPTED,NOT_RUN,OK_70x3,no,L3-2_v2__seed00
L3-2_v2__seed01,L3-2_v2,1,L3-2_v2__seed01.tar.zst,aw_data/render_ready_episodes_capture_filtered/L3-2_v2__seed01/episode_manifest.json,aw_data/render_ready_episodes_capture_filtered/L3-2_v2__seed01,NO_CANDIDATE_ADOPTED,NOT_RUN,OK_70x3,no,L3-2_v2__seed01
L3-2_v2__seed02,L3-2_v2,2,L3-2_v2__seed02.tar.zst,aw_data/render_ready_episodes_capture_filtered/L3-2_v2__seed02/episode_manifest.json,aw_data/render_ready_episodes_capture_filtered/L3-2_v2__seed02,NO_CANDIDATE_ADOPTED,NOT_RUN,OK_70x3,no,L3-2_v2__seed02
L3-3_v1__seed00,L3-3_v1,0,L3-3_v1__seed00.tar.zst,aw_data/render_ready_episodes_capture_filtered/L3-3_v1__seed00/episode_manifest.json,aw_data/render_ready_episodes_capture_filtered/L3-3_v1__seed00,NO_CANDIDATE_ADOPTED,NOT_RUN,OK_70x3,no,L3-3_v1__seed00
L3-3_v1__seed01,L3-3_v1,1,L3-3_v1__seed01.tar.zst,aw_data/render_ready_episodes_capture_filtered/L3-3_v1__seed01/episode_manifest.json,aw_data/render_ready_episodes_capture_filtered/L3-3_v1__seed01,NO_CANDIDATE_ADOPTED,NOT_RUN,OK_70x3,no,L3-3_v1__seed01
L3-3_v1__seed02,L3-3_v1,2,L3-3_v1__seed02.tar.zst,aw_data/render_ready_episodes_capture_filtered/L3-3_v1__seed02/episode_manifest.json,aw_data/render_ready_episodes_capture_filtered/L3-3_v1__seed02,NO_CANDIDATE_ADOPTED,NOT_RUN,OK_70x3,no,L3-3_v1__seed02
L3-3_v2__seed00,L3-3_v2,0,L3-3_v2__seed00.tar.zst,aw_data/render_ready_episodes_capture_filtered/L3-3_v2__seed00/episode_manifest.json,aw_data/render_ready_episodes_capture_filtered/L3-3_v2__seed00,NO_CANDIDATE_ADOPTED,NOT_RUN,OK_70x3,no,L3-3_v2__seed00
L3-3_v2__seed01,L3-3_v2,1,L3-3_v2__seed01.tar.zst,aw_data/render_ready_episodes_capture_filtered/L3-3_v2__seed01/episode_manifest.json,aw_data/render_ready_episodes_capture_filtered/L3-3_v2__seed01,NO_CANDIDATE_ADOPTED,NOT_RUN,OK_70x3,no,L3-3_v2__seed01
L3-3_v2__seed02,L3-3_v2,2,L3-3_v2__seed02.tar.zst,aw_data/render_ready_episodes_capture_filtered/L3-3_v2__seed02/episode_manifest.json,aw_data/render_ready_episodes_capture_filtered/L3-3_v2__seed02,NO_CANDIDATE_ADOPTED,NOT_RUN,OK_70x3,no,L3-3_v2__seed02
L4-10_v1__seed00,L4-10_v1,0,L4-10_v1__seed00.tar.zst,aw_data/render_ready_episodes_capture_filtered/L4-10_v1__seed00/episode_manifest.json,aw_data/render_ready_episodes_capture_filtered/L4-10_v1__seed00,NO_CANDIDATE_ADOPTED,NOT_RUN,OK_70x3,no,L4-10_v1__seed00
L4-10_v1__seed01,L4-10_v1,1,L4-10_v1__seed01.tar.zst,aw_data/render_ready_episodes_capture_filtered/L4-10_v1__seed01/episode_manifest.json,aw_data/render_ready_episodes_capture_filtered/L4-10_v1__seed01,NO_CANDIDATE_ADOPTED,NOT_RUN,OK_70x3,no,L4-10_v1__seed01
L4-10_v1__seed02,L4-10_v1,2,L4-10_v1__seed02.tar.zst,aw_data/render_ready_episodes_capture_filtered/L4-10_v1__seed02/episode_manifest.json,aw_data/render_ready_episodes_capture_filtered/L4-10_v1__seed02,NO_CANDIDATE_ADOPTED,NOT_RUN,OK_70x3,no,L4-10_v1__seed02
L4-10_v2__seed00,L4-10_v2,0,L4-10_v2__seed00.tar.zst,aw_data/render_ready_episodes_capture_filtered/L4-10_v2__seed00/episode_manifest.json,aw_data/render_ready_episodes_capture_filtered/L4-10_v2__seed00,NO_CANDIDATE_ADOPTED,NOT_RUN,OK_70x3,no,L4-10_v2__seed00
L4-10_v2__seed01,L4-10_v2,1,L4-10_v2__seed01.tar.zst,aw_data/render_ready_episodes_capture_filtered/L4-10_v2__seed01/episode_manifest.json,aw_data/render_ready_episodes_capture_filtered/L4-10_v2__seed01,NO_CANDIDATE_ADOPTED,NOT_RUN,OK_70x3,no,L4-10_v2__seed01
L4-10_v2__seed02,L4-10_v2,2,L4-10_v2__seed02.tar.zst,aw_data/render_ready_episodes_capture_filtered/L4-10_v2__seed02/episode_manifest.json,aw_data/render_ready_episodes_capture_filtered/L4-10_v2__seed02,NO_CANDIDATE_ADOPTED,NOT_RUN,OK_70x3,no,L4-10_v2__seed02
L4-11_v1__seed00,L4-11_v1,0,L4-11_v1__seed00.tar.zst,aw_data/render_ready_episodes_capture_filtered/L4-11_v1__seed00/episode_manifest.json,aw_data/render_ready_episodes_capture_filtered/L4-11_v1__seed00,NO_CANDIDATE_ADOPTED,NOT_RUN,OK_70x3,no,L4-11_v1__seed00
L4-11_v1__seed01,L4-11_v1,1,L4-11_v1__seed01.tar.zst,aw_data/render_ready_episodes_capture_filtered/L4-11_v1__seed01/episode_manifest.json,aw_data/render_ready_episodes_capture_filtered/L4-11_v1__seed01,NO_CANDIDATE_ADOPTED,NOT_RUN,OK_70x3,no,L4-11_v1__seed01
L4-11_v1__seed02,L4-11_v1,2,L4-11_v1__seed02.tar.zst,aw_data/render_ready_episodes_capture_filtered/L4-11_v1__seed02/episode_manifest.json,aw_data/render_ready_episodes_capture_filtered/L4-11_v1__seed02,NO_CANDIDATE_ADOPTED,NOT_RUN,OK_70x3,no,L4-11_v1__seed02
L4-11_v2__seed00,L4-11_v2,0,L4-11_v2__seed00.tar.zst,aw_data/render_ready_episodes_capture_filtered/L4-11_v2__seed00/episode_manifest.json,aw_data/render_ready_episodes_capture_filtered/L4-11_v2__seed00,NO_CANDIDATE_ADOPTED,NOT_RUN,OK_70x3,no,L4-11_v2__seed00
L4-11_v2__seed01,L4-11_v2,1,L4-11_v2__seed01.tar.zst,aw_data/render_ready_episodes_capture_filtered/L4-11_v2__seed01/episode_manifest.json,aw_data/render_ready_episodes_capture_filtered/L4-11_v2__seed01,NO_CANDIDATE_ADOPTED,NOT_RUN,OK_70x3,no,L4-11_v2__seed01
L4-11_v2__seed02,L4-11_v2,2,L4-11_v2__seed02.tar.zst,aw_data/render_ready_episodes_capture_filtered/L4-11_v2__seed02/episode_manifest.json,aw_data/render_ready_episodes_capture_filtered/L4-11_v2__seed02,NO_CANDIDATE_ADOPTED,NOT_RUN,OK_70x3,no,L4-11_v2__seed02
L4-1_v1__seed00,L4-1_v1,0,L4-1_v1__seed00.tar.zst,aw_data/render_ready_episodes_capture_filtered/L4-1_v1__seed00/episode_manifest.json,aw_data/render_ready_episodes_capture_filtered/L4-1_v1__seed00,NO_CANDIDATE_ADOPTED,NOT_RUN,OK_70x3,no,L4-1_v1__seed00
L4-1_v1__seed01,L4-1_v1,1,L4-1_v1__seed01.tar.zst,aw_data/render_ready_episodes_capture_filtered/L4-1_v1__seed01/episode_manifest.json,aw_data/render_ready_episodes_capture_filtered/L4-1_v1__seed01,NO_CANDIDATE_ADOPTED,NOT_RUN,OK_70x3,no,L4-1_v1__seed01
L4-1_v1__seed02,L4-1_v1,2,L4-1_v1__seed02.tar.zst,aw_data/render_ready_episodes_capture_filtered/L4-1_v1__seed02/episode_manifest.json,aw_data/render_ready_episodes_capture_filtered/L4-1_v1__seed02,NO_CANDIDATE_ADOPTED,NOT_RUN,OK_70x3,no,L4-1_v1__seed02
L4-1_v2__seed00,L4-1_v2,0,L4-1_v2__seed00.tar.zst,aw_data/render_ready_episodes_capture_filtered/L4-1_v2__seed00/episode_manifest.json,aw_data/render_ready_episodes_capture_filtered/L4-1_v2__seed00,NO_CANDIDATE_ADOPTED,NOT_RUN,OK_70x3,no,L4-1_v2__seed00
L4-1_v2__seed01,L4-1_v2,1,L4-1_v2__seed01.tar.zst,aw_data/render_ready_episodes_capture_filtered/L4-1_v2__seed01/episode_manifest.json,aw_data/render_ready_episodes_capture_filtered/L4-1_v2__seed01,NO_CANDIDATE_ADOPTED,NOT_RUN,OK_70x3,no,L4-1_v2__seed01
L4-1_v2__seed02,L4-1_v2,2,L4-1_v2__seed02.tar.zst,aw_data/render_ready_episodes_capture_filtered/L4-1_v2__seed02/episode_manifest.json,aw_data/render_ready_episodes_capture_filtered/L4-1_v2__seed02,NO_CANDIDATE_ADOPTED,NOT_RUN,OK_70x3,no,L4-1_v2__seed02
L4-2_v1__seed00,L4-2_v1,0,L4-2_v1__seed00.tar.zst,aw_data/render_ready_episodes_capture_filtered/L4-2_v1__seed00/episode_manifest.json,aw_data/render_ready_episodes_capture_filtered/L4-2_v1__seed00,NO_CANDIDATE_ADOPTED,NOT_RUN,OK_70x3,no,L4-2_v1__seed00
L4-2_v1__seed01,L4-2_v1,1,L4-2_v1__seed01.tar.zst,aw_data/render_ready_episodes_capture_filtered/L4-2_v1__seed01/episode_manifest.json,aw_data/render_ready_episodes_capture_filtered/L4-2_v1__seed01,NO_CANDIDATE_ADOPTED,NOT_RUN,OK_70x3,no,L4-2_v1__seed01
L4-2_v1__seed02,L4-2_v1,2,L4-2_v1__seed02.tar.zst,aw_data/render_ready_episodes_capture_filtered/L4-2_v1__seed02/episode_manifest.json,aw_data/render_ready_episodes_capture_filtered/L4-2_v1__seed02,NO_CANDIDATE_ADOPTED,NOT_RUN,OK_70x3,no,L4-2_v1__seed02
L4-2_v2__seed00,L4-2_v2,0,L4-2_v2__seed00.tar.zst,aw_data/render_ready_episodes_capture_filtered/L4-2_v2__seed00/episode_manifest.json,aw_data/render_ready_episodes_capture_filtered/L4-2_v2__seed00,NO_CANDIDATE_ADOPTED,NOT_RUN,OK_70x3,no,L4-2_v2__seed00
L4-2_v2__seed01,L4-2_v2,1,L4-2_v2__seed01.tar.zst,aw_data/render_ready_episodes_capture_filtered/L4-2_v2__seed01/episode_manifest.json,aw_data/render_ready_episodes_capture_filtered/L4-2_v2__seed01,NO_CANDIDATE_ADOPTED,NOT_RUN,OK_70x3,no,L4-2_v2__seed01
L4-2_v2__seed02,L4-2_v2,2,L4-2_v2__seed02.tar.zst,aw_data/render_ready_episodes_capture_filtered/L4-2_v2__seed02/episode_manifest.json,aw_data/render_ready_episodes_capture_filtered/L4-2_v2__seed02,NO_CANDIDATE_ADOPTED,NOT_RUN,OK_70x3,no,L4-2_v2__seed02
L4-3_v1__seed00,L4-3_v1,0,L4-3_v1__seed00.tar.zst,aw_data/render_ready_episodes_capture_filtered/L4-3_v1__seed00/episode_manifest.json,aw_data/render_ready_episodes_capture_filtered/L4-3_v1__seed00,NO_CANDIDATE_ADOPTED,NOT_RUN,OK_70x3,no,L4-3_v1__seed00
L4-3_v1__seed01,L4-3_v1,1,L4-3_v1__seed01.tar.zst,aw_data/render_ready_episodes_capture_filtered/L4-3_v1__seed01/episode_manifest.json,aw_data/render_ready_episodes_capture_filtered/L4-3_v1__seed01,NO_CANDIDATE_ADOPTED,NOT_RUN,OK_70x3,no,L4-3_v1__seed01
L4-3_v1__seed02,L4-3_v1,2,L4-3_v1__seed02.tar.zst,aw_data/render_ready_episodes_capture_filtered/L4-3_v1__seed02/episode_manifest.json,aw_data/render_ready_episodes_capture_filtered/L4-3_v1__seed02,NO_CANDIDATE_ADOPTED,NOT_RUN,OK_70x3,no,L4-3_v1__seed02
L4-3_v2__seed00,L4-3_v2,0,L4-3_v2__seed00.tar.zst,aw_data/render_ready_episodes_capture_filtered/L4-3_v2__seed00/episode_manifest.json,aw_data/render_ready_episodes_capture_filtered/L4-3_v2__seed00,NO_CANDIDATE_ADOPTED,NOT_RUN,OK_70x3,no,L4-3_v2__seed00
L4-3_v2__seed01,L4-3_v2,1,L4-3_v2__seed01.tar.zst,aw_data/render_ready_episodes_capture_filtered/L4-3_v2__seed01/episode_manifest.json,aw_data/render_ready_episodes_capture_filtered/L4-3_v2__seed01,NO_CANDIDATE_ADOPTED,NOT_RUN,OK_70x3,no,L4-3_v2__seed01
L4-3_v2__seed02,L4-3_v2,2,L4-3_v2__seed02.tar.zst,aw_data/render_ready_episodes_capture_filtered/L4-3_v2__seed02/episode_manifest.json,aw_data/render_ready_episodes_capture_filtered/L4-3_v2__seed02,NO_CANDIDATE_ADOPTED,NOT_RUN,OK_70x3,no,L4-3_v2__seed02
L4-3_v3__seed00,L4-3_v3,0,L4-3_v3__seed00.tar.zst,aw_data/render_ready_episodes_capture_filtered/L4-3_v3__seed00/episode_manifest.json,aw_data/render_ready_episodes_capture_filtered/L4-3_v3__seed00,NO_CANDIDATE_ADOPTED,NOT_RUN,OK_70x3,no,L4-3_v3__seed00
L4-3_v3__seed01,L4-3_v3,1,L4-3_v3__seed01.tar.zst,aw_data/render_ready_episodes_capture_filtered/L4-3_v3__seed01/episode_manifest.json,aw_data/render_ready_episodes_capture_filtered/L4-3_v3__seed01,NO_CANDIDATE_ADOPTED,NOT_RUN,OK_70x3,no,L4-3_v3__seed01
L4-3_v3__seed02,L4-3_v3,2,L4-3_v3__seed02.tar.zst,aw_data/render_ready_episodes_capture_filtered/L4-3_v3__seed02/episode_manifest.json,aw_data/render_ready_episodes_capture_filtered/L4-3_v3__seed02,NO_CANDIDATE_ADOPTED,NOT_RUN,OK_70x3,no,L4-3_v3__seed02
L4-4_v1__seed00,L4-4_v1,0,L4-4_v1__seed00.tar.zst,aw_data/render_ready_episodes_capture_filtered/L4-4_v1__seed00/episode_manifest.json,aw_data/render_ready_episodes_capture_filtered/L4-4_v1__seed00,NO_CANDIDATE_ADOPTED,NOT_RUN,OK_70x3,no,L4-4_v1__seed00
L4-4_v1__seed01,L4-4_v1,1,L4-4_v1__seed01.tar.zst,aw_data/render_ready_episodes_capture_filtered/L4-4_v1__seed01/episode_manifest.json,aw_data/render_ready_episodes_capture_filtered/L4-4_v1__seed01,NO_CANDIDATE_ADOPTED,NOT_RUN,OK_70x3,no,L4-4_v1__seed01
L4-4_v1__seed02,L4-4_v1,2,L4-4_v1__seed02.tar.zst,aw_data/render_ready_episodes_capture_filtered/L4-4_v1__seed02/episode_manifest.json,aw_data/render_ready_episodes_capture_filtered/L4-4_v1__seed02,NO_CANDIDATE_ADOPTED,NOT_RUN,OK_70x3,no,L4-4_v1__seed02
L4-4_v2__seed00,L4-4_v2,0,L4-4_v2__seed00.tar.zst,aw_data/render_ready_episodes_capture_filtered/L4-4_v2__seed00/episode_manifest.json,aw_data/render_ready_episodes_capture_filtered/L4-4_v2__seed00,NO_CANDIDATE_ADOPTED,NOT_RUN,OK_70x3,no,L4-4_v2__seed00
L4-4_v2__seed01,L4-4_v2,1,L4-4_v2__seed01.tar.zst,aw_data/render_ready_episodes_capture_filtered/L4-4_v2__seed01/episode_manifest.json,aw_data/render_ready_episodes_capture_filtered/L4-4_v2__seed01,NO_CANDIDATE_ADOPTED,NOT_RUN,OK_70x3,no,L4-4_v2__seed01
L4-4_v2__seed02,L4-4_v2,2,L4-4_v2__seed02.tar.zst,aw_data/render_ready_episodes_capture_filtered/L4-4_v2__seed02/episode_manifest.json,aw_data/render_ready_episodes_capture_filtered/L4-4_v2__seed02,NO_CANDIDATE_ADOPTED,NOT_RUN,OK_70x3,no,L4-4_v2__seed02
L4-5_v1__seed00,L4-5_v1,0,L4-5_v1__seed00.tar.zst,aw_data/render_ready_episodes_capture_filtered/L4-5_v1__seed00/episode_manifest.json,aw_data/render_ready_episodes_capture_filtered/L4-5_v1__seed00,NO_CANDIDATE_ADOPTED,NOT_RUN,OK_70x3,no,L4-5_v1__seed00
L4-5_v1__seed01,L4-5_v1,1,L4-5_v1__seed01.tar.zst,aw_data/render_ready_episodes_capture_filtered/L4-5_v1__seed01/episode_manifest.json,aw_data/render_ready_episodes_capture_filtered/L4-5_v1__seed01,NO_CANDIDATE_ADOPTED,NOT_RUN,OK_70x3,no,L4-5_v1__seed01
L4-5_v1__seed02,L4-5_v1,2,L4-5_v1__seed02.tar.zst,aw_data/render_ready_episodes_capture_filtered/L4-5_v1__seed02/episode_manifest.json,aw_data/render_ready_episodes_capture_filtered/L4-5_v1__seed02,NO_CANDIDATE_ADOPTED,NOT_RUN,OK_70x3,no,L4-5_v1__seed02
L4-5_v2__seed00,L4-5_v2,0,L4-5_v2__seed00.tar.zst,aw_data/render_ready_episodes_capture_filtered/L4-5_v2__seed00/episode_manifest.json,aw_data/render_ready_episodes_capture_filtered/L4-5_v2__seed00,NO_CANDIDATE_ADOPTED,NOT_RUN,OK_70x3,no,L4-5_v2__seed00
L4-5_v2__seed01,L4-5_v2,1,L4-5_v2__seed01.tar.zst,aw_data/render_ready_episodes_capture_filtered/L4-5_v2__seed01/episode_manifest.json,aw_data/render_ready_episodes_capture_filtered/L4-5_v2__seed01,NO_CANDIDATE_ADOPTED,NOT_RUN,OK_70x3,no,L4-5_v2__seed01
L4-5_v2__seed02,L4-5_v2,2,L4-5_v2__seed02.tar.zst,aw_data/render_ready_episodes_capture_filtered/L4-5_v2__seed02/episode_manifest.json,aw_data/render_ready_episodes_capture_filtered/L4-5_v2__seed02,NO_CANDIDATE_ADOPTED,NOT_RUN,OK_70x3,no,L4-5_v2__seed02
L4-5_v3__seed00,L4-5_v3,0,L4-5_v3__seed00.tar.zst,aw_data/render_ready_episodes_capture_filtered/L4-5_v3__seed00/episode_manifest.json,aw_data/render_ready_episodes_capture_filtered/L4-5_v3__seed00,NO_CANDIDATE_ADOPTED,NOT_RUN,OK_70x3,no,L4-5_v3__seed00
L4-5_v3__seed01,L4-5_v3,1,L4-5_v3__seed01.tar.zst,aw_data/render_ready_episodes_capture_filtered/L4-5_v3__seed01/episode_manifest.json,aw_data/render_ready_episodes_capture_filtered/L4-5_v3__seed01,NO_CANDIDATE_ADOPTED,NOT_RUN,OK_70x3,no,L4-5_v3__seed01
L4-5_v3__seed02,L4-5_v3,2,L4-5_v3__seed02.tar.zst,aw_data/render_ready_episodes_capture_filtered/L4-5_v3__seed02/episode_manifest.json,aw_data/render_ready_episodes_capture_filtered/L4-5_v3__seed02,NO_CANDIDATE_ADOPTED,NOT_RUN,OK_70x3,no,L4-5_v3__seed02
L4-6_v1__seed00,L4-6_v1,0,L4-6_v1__seed00.tar.zst,aw_data/render_ready_episodes_capture_filtered/L4-6_v1__seed00/episode_manifest.json,aw_data/render_ready_episodes_capture_filtered/L4-6_v1__seed00,NO_CANDIDATE_ADOPTED,NOT_RUN,OK_70x3,no,L4-6_v1__seed00
L4-6_v1__seed01,L4-6_v1,1,L4-6_v1__seed01.tar.zst,aw_data/render_ready_episodes_capture_filtered/L4-6_v1__seed01/episode_manifest.json,aw_data/render_ready_episodes_capture_filtered/L4-6_v1__seed01,NO_CANDIDATE_ADOPTED,NOT_RUN,OK_70x3,no,L4-6_v1__seed01
L4-6_v1__seed02,L4-6_v1,2,L4-6_v1__seed02.tar.zst,aw_data/render_ready_episodes_capture_filtered/L4-6_v1__seed02/episode_manifest.json,aw_data/render_ready_episodes_capture_filtered/L4-6_v1__seed02,NO_CANDIDATE_ADOPTED,NOT_RUN,OK_70x3,no,L4-6_v1__seed02
L4-6_v2__seed00,L4-6_v2,0,L4-6_v2__seed00.tar.zst,aw_data/render_ready_episodes_capture_filtered/L4-6_v2__seed00/episode_manifest.json,aw_data/render_ready_episodes_capture_filtered/L4-6_v2__seed00,NO_CANDIDATE_ADOPTED,NOT_RUN,OK_70x3,no,L4-6_v2__seed00
L4-6_v2__seed01,L4-6_v2,1,L4-6_v2__seed01.tar.zst,aw_data/render_ready_episodes_capture_filtered/L4-6_v2__seed01/episode_manifest.json,aw_data/render_ready_episodes_capture_filtered/L4-6_v2__seed01,NO_CANDIDATE_ADOPTED,NOT_RUN,OK_70x3,no,L4-6_v2__seed01
L4-6_v2__seed02,L4-6_v2,2,L4-6_v2__seed02.tar.zst,aw_data/render_ready_episodes_capture_filtered/L4-6_v2__seed02/episode_manifest.json,aw_data/render_ready_episodes_capture_filtered/L4-6_v2__seed02,NO_CANDIDATE_ADOPTED,NOT_RUN,OK_70x3,no,L4-6_v2__seed02
L4-7_v1__seed00,L4-7_v1,0,L4-7_v1__seed00.tar.zst,aw_data/render_ready_episodes_capture_filtered/L4-7_v1__seed00/episode_manifest.json,aw_data/render_ready_episodes_capture_filtered/L4-7_v1__seed00,NO_CANDIDATE_ADOPTED,NOT_RUN,OK_70x3,no,L4-7_v1__seed00
L4-7_v1__seed01,L4-7_v1,1,L4-7_v1__seed01.tar.zst,aw_data/render_ready_episodes_capture_filtered/L4-7_v1__seed01/episode_manifest.json,aw_data/render_ready_episodes_capture_filtered/L4-7_v1__seed01,NO_CANDIDATE_ADOPTED,NOT_RUN,OK_70x3,no,L4-7_v1__seed01
L4-7_v1__seed02,L4-7_v1,2,L4-7_v1__seed02.tar.zst,aw_data/render_ready_episodes_capture_filtered/L4-7_v1__seed02/episode_manifest.json,aw_data/render_ready_episodes_capture_filtered/L4-7_v1__seed02,NO_CANDIDATE_ADOPTED,NOT_RUN,OK_70x3,no,L4-7_v1__seed02
L4-7_v2__seed00,L4-7_v2,0,L4-7_v2__seed00.tar.zst,aw_data/render_ready_episodes_capture_filtered/L4-7_v2__seed00/episode_manifest.json,aw_data/render_ready_episodes_capture_filtered/L4-7_v2__seed00,NO_CANDIDATE_ADOPTED,NOT_RUN,OK_70x3,no,L4-7_v2__seed00
L4-7_v2__seed01,L4-7_v2,1,L4-7_v2__seed01.tar.zst,aw_data/render_ready_episodes_capture_filtered/L4-7_v2__seed01/episode_manifest.json,aw_data/render_ready_episodes_capture_filtered/L4-7_v2__seed01,NO_CANDIDATE_ADOPTED,NOT_RUN,OK_70x3,no,L4-7_v2__seed01
L4-7_v2__seed02,L4-7_v2,2,L4-7_v2__seed02.tar.zst,aw_data/render_ready_episodes_capture_filtered/L4-7_v2__seed02/episode_manifest.json,aw_data/render_ready_episodes_capture_filtered/L4-7_v2__seed02,NO_CANDIDATE_ADOPTED,NOT_RUN,OK_70x3,no,L4-7_v2__seed02
L4-8_v1__seed00,L4-8_v1,0,L4-8_v1__seed00.tar.zst,aw_data/render_ready_episodes_capture_filtered/L4-8_v1__seed00/episode_manifest.json,aw_data/render_ready_episodes_capture_filtered/L4-8_v1__seed00,NO_CANDIDATE_ADOPTED,NOT_RUN,OK_70x3,no,L4-8_v1__seed00
L4-8_v1__seed01,L4-8_v1,1,L4-8_v1__seed01.tar.zst,aw_data/render_ready_episodes_capture_filtered/L4-8_v1__seed01/episode_manifest.json,aw_data/render_ready_episodes_capture_filtered/L4-8_v1__seed01,NO_CANDIDATE_ADOPTED,NOT_RUN,OK_70x3,no,L4-8_v1__seed01
L4-8_v1__seed02,L4-8_v1,2,L4-8_v1__seed02.tar.zst,aw_data/render_ready_episodes_capture_filtered/L4-8_v1__seed02/episode_manifest.json,aw_data/render_ready_episodes_capture_filtered/L4-8_v1__seed02,NO_CANDIDATE_ADOPTED,NOT_RUN,OK_70x3,no,L4-8_v1__seed02
L4-8_v2__seed00,L4-8_v2,0,L4-8_v2__seed00.tar.zst,aw_data/render_ready_episodes_capture_filtered/L4-8_v2__seed00/episode_manifest.json,aw_data/render_ready_episodes_capture_filtered/L4-8_v2__seed00,NO_CANDIDATE_ADOPTED,NOT_RUN,OK_70x3,no,L4-8_v2__seed00
L4-8_v2__seed01,L4-8_v2,1,L4-8_v2__seed01.tar.zst,aw_data/render_ready_episodes_capture_filtered/L4-8_v2__seed01/episode_manifest.json,aw_data/render_ready_episodes_capture_filtered/L4-8_v2__seed01,NO_CANDIDATE_ADOPTED,NOT_RUN,OK_70x3,no,L4-8_v2__seed01
L4-8_v2__seed02,L4-8_v2,2,L4-8_v2__seed02.tar.zst,aw_data/render_ready_episodes_capture_filtered/L4-8_v2__seed02/episode_manifest.json,aw_data/render_ready_episodes_capture_filtered/L4-8_v2__seed02,NO_CANDIDATE_ADOPTED,NOT_RUN,OK_70x3,no,L4-8_v2__seed02
L4-9_v1__seed00,L4-9_v1,0,L4-9_v1__seed00.tar.zst,aw_data/render_ready_episodes_capture_filtered/L4-9_v1__seed00/episode_manifest.json,aw_data/render_ready_episodes_capture_filtered/L4-9_v1__seed00,NO_CANDIDATE_ADOPTED,NOT_RUN,OK_70x3,no,L4-9_v1__seed00
L4-9_v1__seed01,L4-9_v1,1,L4-9_v1__seed01.tar.zst,aw_data/render_ready_episodes_capture_filtered/L4-9_v1__seed01/episode_manifest.json,aw_data/render_ready_episodes_capture_filtered/L4-9_v1__seed01,NO_CANDIDATE_ADOPTED,NOT_RUN,OK_70x3,no,L4-9_v1__seed01
L4-9_v1__seed02,L4-9_v1,2,L4-9_v1__seed02.tar.zst,aw_data/render_ready_episodes_capture_filtered/L4-9_v1__seed02/episode_manifest.json,aw_data/render_ready_episodes_capture_filtered/L4-9_v1__seed02,NO_CANDIDATE_ADOPTED,NOT_RUN,OK_70x3,no,L4-9_v1__seed02
L4-9_v2__seed00,L4-9_v2,0,L4-9_v2__seed00.tar.zst,aw_data/render_ready_episodes_capture_filtered/L4-9_v2__seed00/episode_manifest.json,aw_data/render_ready_episodes_capture_filtered/L4-9_v2__seed00,NO_CANDIDATE_ADOPTED,NOT_RUN,OK_70x3,no,L4-9_v2__seed00
L4-9_v2__seed01,L4-9_v2,1,L4-9_v2__seed01.tar.zst,aw_data/render_ready_episodes_capture_filtered/L4-9_v2__seed01/episode_manifest.json,aw_data/render_ready_episodes_capture_filtered/L4-9_v2__seed01,NO_CANDIDATE_ADOPTED,NOT_RUN,OK_70x3,no,L4-9_v2__seed01
L4-9_v2__seed02,L4-9_v2,2,L4-9_v2__seed02.tar.zst,aw_data/render_ready_episodes_capture_filtered/L4-9_v2__seed02/episode_manifest.json,aw_data/render_ready_episodes_capture_filtered/L4-9_v2__seed02,NO_CANDIDATE_ADOPTED,NOT_RUN,OK_70x3,no,L4-9_v2__seed02
L5-1_v1__seed00,L5-1_v1,0,L5-1_v1__seed00.tar.zst,aw_data/render_ready_episodes_capture_filtered/L5-1_v1__seed00/episode_manifest.json,aw_data/render_ready_episodes_capture_filtered/L5-1_v1__seed00,NO_CANDIDATE_ADOPTED,NOT_RUN,OK_70x3,yes,L5-1_v1__seed00
L5-1_v1__seed01,L5-1_v1,1,L5-1_v1__seed01.tar.zst,aw_data/render_ready_episodes_capture_filtered/L5-1_v1__seed01/episode_manifest.json,aw_data/render_ready_episodes_capture_filtered/L5-1_v1__seed01,NO_CANDIDATE_ADOPTED,NOT_RUN,OK_70x3,yes,L5-1_v1__seed01
L5-1_v1__seed02,L5-1_v1,2,L5-1_v1__seed02.tar.zst,aw_data/render_ready_episodes_capture_filtered/L5-1_v1__seed02/episode_manifest.json,aw_data/render_ready_episodes_capture_filtered/L5-1_v1__seed02,NO_CANDIDATE_ADOPTED,NOT_RUN,OK_70x3,yes,L5-1_v1__seed02
L5-1_v2__seed00,L5-1_v2,0,L5-1_v2__seed00.tar.zst,aw_data/render_ready_episodes_capture_filtered/L5-1_v2__seed00/episode_manifest.json,aw_data/render_ready_episodes_capture_filtered/L5-1_v2__seed00,NO_CANDIDATE_ADOPTED,NOT_RUN,OK_70x3,yes,L5-1_v2__seed00
L5-1_v2__seed01,L5-1_v2,1,L5-1_v2__seed01.tar.zst,aw_data/render_ready_episodes_capture_filtered/L5-1_v2__seed01/episode_manifest.json,aw_data/render_ready_episodes_capture_filtered/L5-1_v2__seed01,NO_CANDIDATE_ADOPTED,NOT_RUN,OK_70x3,yes,L5-1_v2__seed01
L5-1_v2__seed02,L5-1_v2,2,L5-1_v2__seed02.tar.zst,aw_data/render_ready_episodes_capture_filtered/L5-1_v2__seed02/episode_manifest.json,aw_data/render_ready_episodes_capture_filtered/L5-1_v2__seed02,NO_CANDIDATE_ADOPTED,NOT_RUN,OK_70x3,yes,L5-1_v2__seed02
L5-1_v3__seed00,L5-1_v3,0,L5-1_v3__seed00.tar.zst,aw_data/render_ready_episodes_capture_filtered/L5-1_v3__seed00/episode_manifest.json,aw_data/render_ready_episodes_capture_filtered/L5-1_v3__seed00,NO_CANDIDATE_ADOPTED,NOT_RUN,OK_70x3,no,L5-1_v3__seed00
L5-1_v3__seed01,L5-1_v3,1,L5-1_v3__seed01.tar.zst,aw_data/render_ready_episodes_capture_filtered/L5-1_v3__seed01/episode_manifest.json,aw_data/render_ready_episodes_capture_filtered/L5-1_v3__seed01,NO_CANDIDATE_ADOPTED,NOT_RUN,OK_70x3,no,L5-1_v3__seed01
L5-1_v3__seed02,L5-1_v3,2,L5-1_v3__seed02.tar.zst,aw_data/render_ready_episodes_capture_filtered/L5-1_v3__seed02/episode_manifest.json,aw_data/render_ready_episodes_capture_filtered/L5-1_v3__seed02,NO_CANDIDATE_ADOPTED,NOT_RUN,OK_70x3,no,L5-1_v3__seed02
L5-2_v1__seed00,L5-2_v1,0,L5-2_v1__seed00.tar.zst,aw_data/render_ready_episodes_capture_filtered/L5-2_v1__seed00/episode_manifest.json,aw_data/render_ready_episodes_capture_filtered/L5-2_v1__seed00,NO_CANDIDATE_ADOPTED,NOT_RUN,OK_70x3,no,L5-2_v1__seed00
L5-2_v1__seed01,L5-2_v1,1,L5-2_v1__seed01.tar.zst,aw_data/render_ready_episodes_capture_filtered/L5-2_v1__seed01/episode_manifest.json,aw_data/render_ready_episodes_capture_filtered/L5-2_v1__seed01,NO_CANDIDATE_ADOPTED,NOT_RUN,OK_70x3,no,L5-2_v1__seed01
L5-2_v1__seed02,L5-2_v1,2,L5-2_v1__seed02.tar.zst,aw_data/render_ready_episodes_capture_filtered/L5-2_v1__seed02/episode_manifest.json,aw_data/render_ready_episodes_capture_filtered/L5-2_v1__seed02,NO_CANDIDATE_ADOPTED,NOT_RUN,OK_70x3,no,L5-2_v1__seed02
L5-2_v2__seed00,L5-2_v2,0,L5-2_v2__seed00.tar.zst,aw_data/render_ready_episodes_capture_filtered/L5-2_v2__seed00/episode_manifest.json,aw_data/render_ready_episodes_capture_filtered/L5-2_v2__seed00,NO_CANDIDATE_ADOPTED,NOT_RUN,OK_70x3,no,L5-2_v2__seed00
L5-2_v2__seed01,L5-2_v2,1,L5-2_v2__seed01.tar.zst,aw_data/render_ready_episodes_capture_filtered/L5-2_v2__seed01/episode_manifest.json,aw_data/render_ready_episodes_capture_filtered/L5-2_v2__seed01,NO_CANDIDATE_ADOPTED,NOT_RUN,OK_70x3,no,L5-2_v2__seed01
L5-2_v2__seed02,L5-2_v2,2,L5-2_v2__seed02.tar.zst,aw_data/render_ready_episodes_capture_filtered/L5-2_v2__seed02/episode_manifest.json,aw_data/render_ready_episodes_capture_filtered/L5-2_v2__seed02,NO_CANDIDATE_ADOPTED,NOT_RUN,OK_70x3,no,L5-2_v2__seed02
L5-3_v1__seed00,L5-3_v1,0,L5-3_v1__seed00.tar.zst,aw_data/render_ready_episodes_capture_filtered/L5-3_v1__seed00/episode_manifest.json,aw_data/render_ready_episodes_capture_filtered/L5-3_v1__seed00,NO_CANDIDATE_ADOPTED,NOT_RUN,OK_70x3,no,L5-3_v1__seed00
L5-3_v1__seed01,L5-3_v1,1,L5-3_v1__seed01.tar.zst,aw_data/render_ready_episodes_capture_filtered/L5-3_v1__seed01/episode_manifest.json,aw_data/render_ready_episodes_capture_filtered/L5-3_v1__seed01,NO_CANDIDATE_ADOPTED,NOT_RUN,OK_70x3,no,L5-3_v1__seed01
L5-3_v1__seed02,L5-3_v1,2,L5-3_v1__seed02.tar.zst,aw_data/render_ready_episodes_capture_filtered/L5-3_v1__seed02/episode_manifest.json,aw_data/render_ready_episodes_capture_filtered/L5-3_v1__seed02,NO_CANDIDATE_ADOPTED,NOT_RUN,OK_70x3,no,L5-3_v1__seed02
L5-3_v2__seed00,L5-3_v2,0,L5-3_v2__seed00.tar.zst,aw_data/render_ready_episodes_capture_filtered/L5-3_v2__seed00/episode_manifest.json,aw_data/render_ready_episodes_capture_filtered/L5-3_v2__seed00,NO_CANDIDATE_ADOPTED,NOT_RUN,OK_70x3,no,L5-3_v2__seed00
L5-3_v2__seed01,L5-3_v2,1,L5-3_v2__seed01.tar.zst,aw_data/render_ready_episodes_capture_filtered/L5-3_v2__seed01/episode_manifest.json,aw_data/render_ready_episodes_capture_filtered/L5-3_v2__seed01,NO_CANDIDATE_ADOPTED,NOT_RUN,OK_70x3,no,L5-3_v2__seed01
L5-3_v2__seed02,L5-3_v2,2,L5-3_v2__seed02.tar.zst,aw_data/render_ready_episodes_capture_filtered/L5-3_v2__seed02/episode_manifest.json,aw_data/render_ready_episodes_capture_filtered/L5-3_v2__seed02,NO_CANDIDATE_ADOPTED,NOT_RUN,OK_70x3,no,L5-3_v2__seed02
L5-4_v1__seed00,L5-4_v1,0,L5-4_v1__seed00.tar.zst,aw_data/render_ready_episodes_capture_filtered/L5-4_v1__seed00/episode_manifest.json,aw_data/render_ready_episodes_capture_filtered/L5-4_v1__seed00,NO_CANDIDATE_ADOPTED,NOT_RUN,OK_70x3,no,L5-4_v1__seed00
L5-4_v1__seed01,L5-4_v1,1,L5-4_v1__seed01.tar.zst,aw_data/render_ready_episodes_capture_filtered/L5-4_v1__seed01/episode_manifest.json,aw_data/render_ready_episodes_capture_filtered/L5-4_v1__seed01,NO_CANDIDATE_ADOPTED,NOT_RUN,OK_70x3,no,L5-4_v1__seed01
L5-4_v1__seed02,L5-4_v1,2,L5-4_v1__seed02.tar.zst,aw_data/render_ready_episodes_capture_filtered/L5-4_v1__seed02/episode_manifest.json,aw_data/render_ready_episodes_capture_filtered/L5-4_v1__seed02,NO_CANDIDATE_ADOPTED,NOT_RUN,OK_70x3,no,L5-4_v1__seed02
L5-5_v1__seed00,L5-5_v1,0,L5-5_v1__seed00.tar.zst,aw_data/render_ready_episodes_capture_filtered/L5-5_v1__seed00/episode_manifest.json,aw_data/render_ready_episodes_capture_filtered/L5-5_v1__seed00,NO_CANDIDATE_ADOPTED,NOT_RUN,OK_70x3,no,L5-5_v1__seed00
L5-5_v1__seed01,L5-5_v1,1,L5-5_v1__seed01.tar.zst,aw_data/render_ready_episodes_capture_filtered/L5-5_v1__seed01/episode_manifest.json,aw_data/render_ready_episodes_capture_filtered/L5-5_v1__seed01,NO_CANDIDATE_ADOPTED,NOT_RUN,OK_70x3,no,L5-5_v1__seed01
L5-5_v1__seed02,L5-5_v1,2,L5-5_v1__seed02.tar.zst,aw_data/render_ready_episodes_capture_filtered/L5-5_v1__seed02/episode_manifest.json,aw_data/render_ready_episodes_capture_filtered/L5-5_v1__seed02,NO_CANDIDATE_ADOPTED,NOT_RUN,OK_70x3,no,L5-5_v1__seed02
L6-1_v1__seed00,L6-1_v1,0,L6-1_v1__seed00.tar.zst,aw_data/render_ready_episodes_capture_filtered/L6-1_v1__seed00/episode_manifest.json,aw_data/render_ready_episodes_capture_filtered/L6-1_v1__seed00,NO_CANDIDATE_ADOPTED,NOT_RUN,OK_70x3,yes,L6-1_v1__seed00
L6-1_v1__seed01,L6-1_v1,1,L6-1_v1__seed01.tar.zst,aw_data/render_ready_episodes_capture_filtered/L6-1_v1__seed01/episode_manifest.json,aw_data/render_ready_episodes_capture_filtered/L6-1_v1__seed01,NO_CANDIDATE_ADOPTED,NOT_RUN,OK_70x3,yes,L6-1_v1__seed01
L6-1_v1__seed02,L6-1_v1,2,L6-1_v1__seed02.tar.zst,aw_data/render_ready_episodes_capture_filtered/L6-1_v1__seed02/episode_manifest.json,aw_data/render_ready_episodes_capture_filtered/L6-1_v1__seed02,NO_CANDIDATE_ADOPTED,NOT_RUN,OK_70x3,yes,L6-1_v1__seed02
L6-1_v2__seed00,L6-1_v2,0,L6-1_v2__seed00.tar.zst,aw_data/render_ready_episodes_capture_filtered/L6-1_v2__seed00/episode_manifest.json,aw_data/render_ready_episodes_capture_filtered/L6-1_v2__seed00,NO_CANDIDATE_ADOPTED,NOT_RUN,OK_70x3,yes,L6-1_v2__seed00
L6-1_v2__seed01,L6-1_v2,1,L6-1_v2__seed01.tar.zst,aw_data/render_ready_episodes_capture_filtered/L6-1_v2__seed01/episode_manifest.json,aw_data/render_ready_episodes_capture_filtered/L6-1_v2__seed01,NO_CANDIDATE_ADOPTED,NOT_RUN,OK_70x3,yes,L6-1_v2__seed01
L6-1_v2__seed02,L6-1_v2,2,L6-1_v2__seed02.tar.zst,aw_data/render_ready_episodes_capture_filtered/L6-1_v2__seed02/episode_manifest.json,aw_data/render_ready_episodes_capture_filtered/L6-1_v2__seed02,NO_CANDIDATE_ADOPTED,NOT_RUN,OK_70x3,yes,L6-1_v2__seed02
L6-2_v1__seed00,L6-2_v1,0,L6-2_v1__seed00.tar.zst,aw_data/render_ready_episodes_capture_filtered/L6-2_v1__seed00/episode_manifest.json,aw_data/render_ready_episodes_capture_filtered/L6-2_v1__seed00,PLAN_ADOPTED_PENDING_COMBINED_RELEASE_FREEZE,COMPLETED,OK_70x3,yes,L6-2_v1__seed00
L6-2_v1__seed01,L6-2_v1,1,L6-2_v1__seed01.tar.zst,aw_data/render_ready_episodes_capture_filtered/L6-2_v1__seed01/episode_manifest.json,aw_data/render_ready_episodes_capture_filtered/L6-2_v1__seed01,PLAN_ADOPTED_PENDING_COMBINED_RELEASE_FREEZE,COMPLETED,OK_70x3,yes,L6-2_v1__seed01
L6-2_v1__seed02,L6-2_v1,2,L6-2_v1__seed02.tar.zst,aw_data/render_ready_episodes_capture_filtered/L6-2_v1__seed02/episode_manifest.json,aw_data/render_ready_episodes_capture_filtered/L6-2_v1__seed02,PLAN_ADOPTED_PENDING_COMBINED_RELEASE_FREEZE,COMPLETED,OK_70x3,yes,L6-2_v1__seed02
L6-2_v2__seed00,L6-2_v2,0,L6-2_v2__seed00.tar.zst,aw_data/render_ready_episodes_capture_filtered/L6-2_v2__seed00/episode_manifest.json,aw_data/render_ready_episodes_capture_filtered/L6-2_v2__seed00,PLAN_ADOPTED_PENDING_COMBINED_RELEASE_FREEZE,COMPLETED,OK_70x3,yes,L6-2_v2__seed00
L6-2_v2__seed01,L6-2_v2,1,L6-2_v2__seed01.tar.zst,aw_data/render_ready_episodes_capture_filtered/L6-2_v2__seed01/episode_manifest.json,aw_data/render_ready_episodes_capture_filtered/L6-2_v2__seed01,PLAN_ADOPTED_PENDING_COMBINED_RELEASE_FREEZE,COMPLETED,OK_70x3,yes,L6-2_v2__seed01
L6-2_v2__seed02,L6-2_v2,2,L6-2_v2__seed02.tar.zst,aw_data/render_ready_episodes_capture_filtered/L6-2_v2__seed02/episode_manifest.json,aw_data/render_ready_episodes_capture_filtered/L6-2_v2__seed02,PLAN_ADOPTED_PENDING_COMBINED_RELEASE_FREEZE,COMPLETED,OK_70x3,yes,L6-2_v2__seed02
L6-3_v1__seed00,L6-3_v1,0,L6-3_v1__seed00.tar.zst,aw_data/render_ready_episodes_capture_filtered/L6-3_v1__seed00/episode_manifest.json,aw_data/render_ready_episodes_capture_filtered/L6-3_v1__seed00,NO_CANDIDATE_ADOPTED,NOT_RUN,OK_70x3,no,L6-3_v1__seed00
L6-3_v1__seed01,L6-3_v1,1,L6-3_v1__seed01.tar.zst,aw_data/render_ready_episodes_capture_filtered/L6-3_v1__seed01/episode_manifest.json,aw_data/render_ready_episodes_capture_filtered/L6-3_v1__seed01,NO_CANDIDATE_ADOPTED,NOT_RUN,OK_70x3,no,L6-3_v1__seed01
L6-3_v1__seed02,L6-3_v1,2,L6-3_v1__seed02.tar.zst,aw_data/render_ready_episodes_capture_filtered/L6-3_v1__seed02/episode_manifest.json,aw_data/render_ready_episodes_capture_filtered/L6-3_v1__seed02,NO_CANDIDATE_ADOPTED,NOT_RUN,OK_70x3,no,L6-3_v1__seed02
L6-3_v2__seed00,L6-3_v2,0,L6-3_v2__seed00.tar.zst,aw_data/render_ready_episodes_capture_filtered/L6-3_v2__seed00/episode_manifest.json,aw_data/render_ready_episodes_capture_filtered/L6-3_v2__seed00,NO_CANDIDATE_ADOPTED,NOT_RUN,OK_70x3,no,L6-3_v2__seed00
L6-3_v2__seed01,L6-3_v2,1,L6-3_v2__seed01.tar.zst,aw_data/render_ready_episodes_capture_filtered/L6-3_v2__seed01/episode_manifest.json,aw_data/render_ready_episodes_capture_filtered/L6-3_v2__seed01,NO_CANDIDATE_ADOPTED,NOT_RUN,OK_70x3,no,L6-3_v2__seed01
L6-3_v2__seed02,L6-3_v2,2,L6-3_v2__seed02.tar.zst,aw_data/render_ready_episodes_capture_filtered/L6-3_v2__seed02/episode_manifest.json,aw_data/render_ready_episodes_capture_filtered/L6-3_v2__seed02,NO_CANDIDATE_ADOPTED,NOT_RUN,OK_70x3,no,L6-3_v2__seed02
L6-4_v1__seed00,L6-4_v1,0,L6-4_v1__seed00.tar.zst,aw_data/render_ready_episodes_capture_filtered/L6-4_v1__seed00/episode_manifest.json,aw_data/render_ready_episodes_capture_filtered/L6-4_v1__seed00,NO_CANDIDATE_ADOPTED,NOT_RUN,OK_70x3,yes,L6-4_v1__seed00
L6-4_v1__seed01,L6-4_v1,1,L6-4_v1__seed01.tar.zst,aw_data/render_ready_episodes_capture_filtered/L6-4_v1__seed01/episode_manifest.json,aw_data/render_ready_episodes_capture_filtered/L6-4_v1__seed01,NO_CANDIDATE_ADOPTED,NOT_RUN,OK_70x3,yes,L6-4_v1__seed01
L6-4_v1__seed02,L6-4_v1,2,L6-4_v1__seed02.tar.zst,aw_data/render_ready_episodes_capture_filtered/L6-4_v1__seed02/episode_manifest.json,aw_data/render_ready_episodes_capture_filtered/L6-4_v1__seed02,NO_CANDIDATE_ADOPTED,NOT_RUN,OK_70x3,yes,L6-4_v1__seed02
L6-4_v2__seed00,L6-4_v2,0,L6-4_v2__seed00.tar.zst,aw_data/render_ready_episodes_capture_filtered/L6-4_v2__seed00/episode_manifest.json,aw_data/render_ready_episodes_capture_filtered/L6-4_v2__seed00,NO_CANDIDATE_ADOPTED,NOT_RUN,OK_70x3,yes,L6-4_v2__seed00
L6-4_v2__seed01,L6-4_v2,1,L6-4_v2__seed01.tar.zst,aw_data/render_ready_episodes_capture_filtered/L6-4_v2__seed01/episode_manifest.json,aw_data/render_ready_episodes_capture_filtered/L6-4_v2__seed01,NO_CANDIDATE_ADOPTED,NOT_RUN,OK_70x3,yes,L6-4_v2__seed01
L6-4_v2__seed02,L6-4_v2,2,L6-4_v2__seed02.tar.zst,aw_data/render_ready_episodes_capture_filtered/L6-4_v2__seed02/episode_manifest.json,aw_data/render_ready_episodes_capture_filtered/L6-4_v2__seed02,NO_CANDIDATE_ADOPTED,NOT_RUN,OK_70x3,yes,L6-4_v2__seed02
L6-5_v1__seed00,L6-5_v1,0,L6-5_v1__seed00.tar.zst,aw_data/render_ready_episodes_capture_filtered/L6-5_v1__seed00/episode_manifest.json,aw_data/render_ready_episodes_capture_filtered/L6-5_v1__seed00,NO_CANDIDATE_ADOPTED,NOT_RUN,OK_70x3,no,L6-5_v1__seed00
L6-5_v1__seed01,L6-5_v1,1,L6-5_v1__seed01.tar.zst,aw_data/render_ready_episodes_capture_filtered/L6-5_v1__seed01/episode_manifest.json,aw_data/render_ready_episodes_capture_filtered/L6-5_v1__seed01,NO_CANDIDATE_ADOPTED,NOT_RUN,OK_70x3,no,L6-5_v1__seed01
L6-5_v1__seed02,L6-5_v1,2,L6-5_v1__seed02.tar.zst,aw_data/render_ready_episodes_capture_filtered/L6-5_v1__seed02/episode_manifest.json,aw_data/render_ready_episodes_capture_filtered/L6-5_v1__seed02,NO_CANDIDATE_ADOPTED,NOT_RUN,OK_70x3,no,L6-5_v1__seed02
L6-5_v2__seed00,L6-5_v2,0,L6-5_v2__seed00.tar.zst,aw_data/render_ready_episodes_capture_filtered/L6-5_v2__seed00/episode_manifest.json,aw_data/render_ready_episodes_capture_filtered/L6-5_v2__seed00,NO_CANDIDATE_ADOPTED,NOT_RUN,OK_70x3,no,L6-5_v2__seed00
L6-5_v2__seed01,L6-5_v2,1,L6-5_v2__seed01.tar.zst,aw_data/render_ready_episodes_capture_filtered/L6-5_v2__seed01/episode_manifest.json,aw_data/render_ready_episodes_capture_filtered/L6-5_v2__seed01,NO_CANDIDATE_ADOPTED,NOT_RUN,OK_70x3,no,L6-5_v2__seed01
L6-5_v2__seed02,L6-5_v2,2,L6-5_v2__seed02.tar.zst,aw_data/render_ready_episodes_capture_filtered/L6-5_v2__seed02/episode_manifest.json,aw_data/render_ready_episodes_capture_filtered/L6-5_v2__seed02,NO_CANDIDATE_ADOPTED,NOT_RUN,OK_70x3,no,L6-5_v2__seed02
X1_rain_to_c2loss_to_forced_landing__seed00,X1_rain_to_c2loss_to_forced_landing,0,X1_rain_to_c2loss_to_forced_landing__seed00.tar.zst,aw_data/render_ready_episodes_capture_filtered/X1_rain_to_c2loss_to_forced_landing__seed00/episode_manifest.json,aw_data/render_ready_episodes_capture_filtered/X1_rain_to_c2loss_to_forced_landing__seed00,NO_CANDIDATE_ADOPTED,NOT_RUN,OK_70x3,yes,X1_rain_to_c2loss_to_forced_landing__seed00
X1_rain_to_c2loss_to_forced_landing__seed01,X1_rain_to_c2loss_to_forced_landing,1,X1_rain_to_c2loss_to_forced_landing__seed01.tar.zst,aw_data/render_ready_episodes_capture_filtered/X1_rain_to_c2loss_to_forced_landing__seed01/episode_manifest.json,aw_data/render_ready_episodes_capture_filtered/X1_rain_to_c2loss_to_forced_landing__seed01,NO_CANDIDATE_ADOPTED,NOT_RUN,OK_70x3,yes,X1_rain_to_c2loss_to_forced_landing__seed01
X1_rain_to_c2loss_to_forced_landing__seed02,X1_rain_to_c2loss_to_forced_landing,2,X1_rain_to_c2loss_to_forced_landing__seed02.tar.zst,aw_data/render_ready_episodes_capture_filtered/X1_rain_to_c2loss_to_forced_landing__seed02/episode_manifest.json,aw_data/render_ready_episodes_capture_filtered/X1_rain_to_c2loss_to_forced_landing__seed02,NO_CANDIDATE_ADOPTED,NOT_RUN,OK_70x3,yes,X1_rain_to_c2loss_to_forced_landing__seed02
X2_gnss_spoof_to_geofence_violation__seed00,X2_gnss_spoof_to_geofence_violation,0,X2_gnss_spoof_to_geofence_violation__seed00.tar.zst,aw_data/render_ready_episodes_capture_filtered/X2_gnss_spoof_to_geofence_violation__seed00/episode_manifest.json,aw_data/render_ready_episodes_capture_filtered/X2_gnss_spoof_to_geofence_violation__seed00,NO_CANDIDATE_ADOPTED,NOT_RUN,OK_70x3,no,X2_gnss_spoof_to_geofence_violation__seed00
X2_gnss_spoof_to_geofence_violation__seed01,X2_gnss_spoof_to_geofence_violation,1,X2_gnss_spoof_to_geofence_violation__seed01.tar.zst,aw_data/render_ready_episodes_capture_filtered/X2_gnss_spoof_to_geofence_violation__seed01/episode_manifest.json,aw_data/render_ready_episodes_capture_filtered/X2_gnss_spoof_to_geofence_violation__seed01,NO_CANDIDATE_ADOPTED,NOT_RUN,OK_70x3,no,X2_gnss_spoof_to_geofence_violation__seed01
X2_gnss_spoof_to_geofence_violation__seed02,X2_gnss_spoof_to_geofence_violation,2,X2_gnss_spoof_to_geofence_violation__seed02.tar.zst,aw_data/render_ready_episodes_capture_filtered/X2_gnss_spoof_to_geofence_violation__seed02/episode_manifest.json,aw_data/render_ready_episodes_capture_filtered/X2_gnss_spoof_to_geofence_violation__seed02,NO_CANDIDATE_ADOPTED,NOT_RUN,OK_70x3,no,X2_gnss_spoof_to_geofence_violation__seed02
X3_pedestrian_fall_to_emergency_response__seed00,X3_pedestrian_fall_to_emergency_response,0,X3_pedestrian_fall_to_emergency_response__seed00.tar.zst,aw_data/render_ready_episodes_capture_filtered/X3_pedestrian_fall_to_emergency_response__seed00/episode_manifest.json,aw_data/render_ready_episodes_capture_filtered/X3_pedestrian_fall_to_emergency_response__seed00,NO_CANDIDATE_ADOPTED,NOT_RUN,OK_70x3,no,X3_pedestrian_fall_to_emergency_response__seed00
X3_pedestrian_fall_to_emergency_response__seed01,X3_pedestrian_fall_to_emergency_response,1,X3_pedestrian_fall_to_emergency_response__seed01.tar.zst,aw_data/render_ready_episodes_capture_filtered/X3_pedestrian_fall_to_emergency_response__seed01/episode_manifest.json,aw_data/render_ready_episodes_capture_filtered/X3_pedestrian_fall_to_emergency_response__seed01,NO_CANDIDATE_ADOPTED,NOT_RUN,OK_70x3,no,X3_pedestrian_fall_to_emergency_response__seed01
X3_pedestrian_fall_to_emergency_response__seed02,X3_pedestrian_fall_to_emergency_response,2,X3_pedestrian_fall_to_emergency_response__seed02.tar.zst,aw_data/render_ready_episodes_capture_filtered/X3_pedestrian_fall_to_emergency_response__seed02/episode_manifest.json,aw_data/render_ready_episodes_capture_filtered/X3_pedestrian_fall_to_emergency_response__seed02,NO_CANDIDATE_ADOPTED,NOT_RUN,OK_70x3,no,X3_pedestrian_fall_to_emergency_response__seed02
X4_fog_to_uav_conflict__seed00,X4_fog_to_uav_conflict,0,X4_fog_to_uav_conflict__seed00.tar.zst,aw_data/render_ready_episodes_capture_filtered/X4_fog_to_uav_conflict__seed00/episode_manifest.json,aw_data/render_ready_episodes_capture_filtered/X4_fog_to_uav_conflict__seed00,NO_CANDIDATE_ADOPTED,NOT_RUN,OK_70x3,no,X4_fog_to_uav_conflict__seed00
X4_fog_to_uav_conflict__seed01,X4_fog_to_uav_conflict,1,X4_fog_to_uav_conflict__seed01.tar.zst,aw_data/render_ready_episodes_capture_filtered/X4_fog_to_uav_conflict__seed01/episode_manifest.json,aw_data/render_ready_episodes_capture_filtered/X4_fog_to_uav_conflict__seed01,NO_CANDIDATE_ADOPTED,NOT_RUN,OK_70x3,no,X4_fog_to_uav_conflict__seed01
X4_fog_to_uav_conflict__seed02,X4_fog_to_uav_conflict,2,X4_fog_to_uav_conflict__seed02.tar.zst,aw_data/render_ready_episodes_capture_filtered/X4_fog_to_uav_conflict__seed02/episode_manifest.json,aw_data/render_ready_episodes_capture_filtered/X4_fog_to_uav_conflict__seed02,NO_CANDIDATE_ADOPTED,NOT_RUN,OK_70x3,no,X4_fog_to_uav_conflict__seed02
X5_comm_failure_to_pad_contention__seed00,X5_comm_failure_to_pad_contention,0,X5_comm_failure_to_pad_contention__seed00.tar.zst,aw_data/render_ready_episodes_capture_filtered/X5_comm_failure_to_pad_contention__seed00/episode_manifest.json,aw_data/render_ready_episodes_capture_filtered/X5_comm_failure_to_pad_contention__seed00,NO_CANDIDATE_ADOPTED,NOT_RUN,OK_70x3,yes,X5_comm_failure_to_pad_contention__seed00
X5_comm_failure_to_pad_contention__seed01,X5_comm_failure_to_pad_contention,1,X5_comm_failure_to_pad_contention__seed01.tar.zst,aw_data/render_ready_episodes_capture_filtered/X5_comm_failure_to_pad_contention__seed01/episode_manifest.json,aw_data/render_ready_episodes_capture_filtered/X5_comm_failure_to_pad_contention__seed01,NO_CANDIDATE_ADOPTED,NOT_RUN,OK_70x3,yes,X5_comm_failure_to_pad_contention__seed01
X5_comm_failure_to_pad_contention__seed02,X5_comm_failure_to_pad_contention,2,X5_comm_failure_to_pad_contention__seed02.tar.zst,aw_data/render_ready_episodes_capture_filtered/X5_comm_failure_to_pad_contention__seed02/episode_manifest.json,aw_data/render_ready_episodes_capture_filtered/X5_comm_failure_to_pad_contention__seed02,NO_CANDIDATE_ADOPTED,NOT_RUN,OK_70x3,yes,X5_comm_failure_to_pad_contention__seed02
X6_crowd_evacuation_to_airspace_lockdown__seed00,X6_crowd_evacuation_to_airspace_lockdown,0,X6_crowd_evacuation_to_airspace_lockdown__seed00.tar.zst,aw_data/render_ready_episodes_capture_filtered/X6_crowd_evacuation_to_airspace_lockdown__seed00/episode_manifest.json,aw_data/render_ready_episodes_capture_filtered/X6_crowd_evacuation_to_airspace_lockdown__seed00,NO_CANDIDATE_ADOPTED,NOT_RUN,OK_70x3,no,X6_crowd_evacuation_to_airspace_lockdown__seed00
X6_crowd_evacuation_to_airspace_lockdown__seed01,X6_crowd_evacuation_to_airspace_lockdown,1,X6_crowd_evacuation_to_airspace_lockdown__seed01.tar.zst,aw_data/render_ready_episodes_capture_filtered/X6_crowd_evacuation_to_airspace_lockdown__seed01/episode_manifest.json,aw_data/render_ready_episodes_capture_filtered/X6_crowd_evacuation_to_airspace_lockdown__seed01,NO_CANDIDATE_ADOPTED,NOT_RUN,OK_70x3,no,X6_crowd_evacuation_to_airspace_lockdown__seed01
X6_crowd_evacuation_to_airspace_lockdown__seed02,X6_crowd_evacuation_to_airspace_lockdown,2,X6_crowd_evacuation_to_airspace_lockdown__seed02.tar.zst,aw_data/render_ready_episodes_capture_filtered/X6_crowd_evacuation_to_airspace_lockdown__seed02/episode_manifest.json,aw_data/render_ready_episodes_capture_filtered/X6_crowd_evacuation_to_airspace_lockdown__seed02,NO_CANDIDATE_ADOPTED,NOT_RUN,OK_70x3,no,X6_crowd_evacuation_to_airspace_lockdown__seed02
