timestamp,workflow_id,workflow_type,owner_id,status,sm_state
20.0,workflow_b3582943,InspectionWorkflow,agent_140071533566640,REGISTERED,idle
21.0,workflow_b3582943,InspectionWorkflow,agent_140071533566640,RUNNING,inspecting_point_1
97.422,workflow_b3582943,InspectionWorkflow,agent_140071533566640,RUNNING,inspecting_point_2
113.286,workflow_b3582943,InspectionWorkflow,agent_140071533566640,RUNNING,inspecting_point_3
138.302,workflow_b3582943,InspectionWorkflow,agent_140071533566640,COMPLETED,completed
80.0,workflow_3e58e5a6,InspectionWorkflow,agent_140071510900352,REGISTERED,idle
81.0,workflow_3e58e5a6,InspectionWorkflow,agent_140071510900352,RUNNING,inspecting_point_1
162.799,workflow_3e58e5a6,InspectionWorkflow,agent_140071510900352,RUNNING,inspecting_point_2
198.806,workflow_3e58e5a6,InspectionWorkflow,agent_140071510900352,RUNNING,inspecting_point_3
229.995,workflow_3e58e5a6,InspectionWorkflow,agent_140071510900352,COMPLETED,completed
140.0,workflow_9ea98566,InspectionWorkflow,agent_140071511163904,REGISTERED,idle
141.0,workflow_9ea98566,InspectionWorkflow,agent_140071511163904,RUNNING,inspecting_point_1
185.041,workflow_9ea98566,InspectionWorkflow,agent_140071511163904,RUNNING,inspecting_point_2
212.736,workflow_9ea98566,InspectionWorkflow,agent_140071511163904,RUNNING,inspecting_point_3
247.127,workflow_9ea98566,InspectionWorkflow,agent_140071511163904,COMPLETED,completed
200.0,workflow_d281b3d2,InspectionWorkflow,agent_140071511296320,REGISTERED,idle
201.0,workflow_d281b3d2,InspectionWorkflow,agent_140071511296320,RUNNING,inspecting_point_1
246.642,workflow_d281b3d2,InspectionWorkflow,agent_140071511296320,RUNNING,inspecting_point_2
274.383,workflow_d281b3d2,InspectionWorkflow,agent_140071511296320,RUNNING,inspecting_point_3
304.461,workflow_d281b3d2,InspectionWorkflow,agent_140071511296320,COMPLETED,completed
260.0,workflow_3d16b76c,InspectionWorkflow,agent_140071511412352,REGISTERED,idle
261.0,workflow_3d16b76c,InspectionWorkflow,agent_140071511412352,RUNNING,inspecting_point_1
292.441,workflow_3d16b76c,InspectionWorkflow,agent_140071511412352,RUNNING,inspecting_point_2
320.637,workflow_3d16b76c,InspectionWorkflow,agent_140071511412352,RUNNING,inspecting_point_3
339.989,workflow_3d16b76c,InspectionWorkflow,agent_140071511412352,COMPLETED,completed
320.0,workflow_79542ff7,InspectionWorkflow,agent_140071509431232,REGISTERED,idle
321.0,workflow_79542ff7,InspectionWorkflow,agent_140071509431232,RUNNING,inspecting_point_1
368.314,workflow_79542ff7,InspectionWorkflow,agent_140071509431232,RUNNING,inspecting_point_2
386.966,workflow_79542ff7,InspectionWorkflow,agent_140071509431232,RUNNING,inspecting_point_3
417.905,workflow_79542ff7,InspectionWorkflow,agent_140071509431232,COMPLETED,completed
380.0,workflow_155366ff,InspectionWorkflow,agent_140071509481728,REGISTERED,idle
381.0,workflow_155366ff,InspectionWorkflow,agent_140071509481728,RUNNING,inspecting_point_1
449.745,workflow_155366ff,InspectionWorkflow,agent_140071509481728,RUNNING,inspecting_point_2
466.973,workflow_155366ff,InspectionWorkflow,agent_140071509481728,RUNNING,inspecting_point_3
483.788,workflow_155366ff,InspectionWorkflow,agent_140071509481728,COMPLETED,completed
440.0,workflow_05053526,InspectionWorkflow,agent_140071509679680,REGISTERED,idle
441.0,workflow_05053526,InspectionWorkflow,agent_140071509679680,RUNNING,inspecting_point_1
501.987,workflow_05053526,InspectionWorkflow,agent_140071509679680,RUNNING,inspecting_point_2
531.266,workflow_05053526,InspectionWorkflow,agent_140071509679680,RUNNING,inspecting_point_3
564.836,workflow_05053526,InspectionWorkflow,agent_140071509679680,COMPLETED,completed
500.0,workflow_cc33d1aa,InspectionWorkflow,agent_140071509779328,REGISTERED,idle
501.0,workflow_cc33d1aa,InspectionWorkflow,agent_140071509779328,RUNNING,inspecting_point_1
569.81,workflow_cc33d1aa,InspectionWorkflow,agent_140071509779328,RUNNING,inspecting_point_2
593.658,workflow_cc33d1aa,InspectionWorkflow,agent_140071509779328,RUNNING,inspecting_point_3
620.177,workflow_cc33d1aa,InspectionWorkflow,agent_140071509779328,COMPLETED,completed
560.0,workflow_ee4c926d,InspectionWorkflow,agent_140071509895360,REGISTERED,idle
561.0,workflow_ee4c926d,InspectionWorkflow,agent_140071509895360,RUNNING,inspecting_point_1
583.909,workflow_ee4c926d,InspectionWorkflow,agent_140071509895360,RUNNING,inspecting_point_2
626.259,workflow_ee4c926d,InspectionWorkflow,agent_140071509895360,RUNNING,inspecting_point_3
647.293,workflow_ee4c926d,InspectionWorkflow,agent_140071509895360,COMPLETED,completed
620.0,workflow_0eb4b5e2,InspectionWorkflow,agent_140071510012928,REGISTERED,idle
621.0,workflow_0eb4b5e2,InspectionWorkflow,agent_140071510012928,RUNNING,inspecting_point_1
663.953,workflow_0eb4b5e2,InspectionWorkflow,agent_140071510012928,RUNNING,inspecting_point_2
694.827,workflow_0eb4b5e2,InspectionWorkflow,agent_140071510012928,RUNNING,inspecting_point_3
725.21,workflow_0eb4b5e2,InspectionWorkflow,agent_140071510012928,COMPLETED,completed
680.0,workflow_4c472618,InspectionWorkflow,agent_140071510096192,REGISTERED,idle
681.0,workflow_4c472618,InspectionWorkflow,agent_140071510096192,RUNNING,inspecting_point_1
745.336,workflow_4c472618,InspectionWorkflow,agent_140071510096192,RUNNING,inspecting_point_2
765.608,workflow_4c472618,InspectionWorkflow,agent_140071510096192,RUNNING,inspecting_point_3
780.744,workflow_4c472618,InspectionWorkflow,agent_140071510096192,COMPLETED,completed
740.0,workflow_ff57b6cc,InspectionWorkflow,agent_140071510195840,REGISTERED,idle
741.0,workflow_ff57b6cc,InspectionWorkflow,agent_140071510195840,RUNNING,inspecting_point_1
807.824,workflow_ff57b6cc,InspectionWorkflow,agent_140071510195840,RUNNING,inspecting_point_2
819.022,workflow_ff57b6cc,InspectionWorkflow,agent_140071510195840,RUNNING,inspecting_point_3
837.837,workflow_ff57b6cc,InspectionWorkflow,agent_140071510195840,COMPLETED,completed
800.0,workflow_690ac837,InspectionWorkflow,agent_140071510410240,REGISTERED,idle
801.0,workflow_690ac837,InspectionWorkflow,agent_140071510410240,RUNNING,inspecting_point_1
829.645,workflow_690ac837,InspectionWorkflow,agent_140071510410240,RUNNING,inspecting_point_2
840.919,workflow_690ac837,InspectionWorkflow,agent_140071510410240,RUNNING,inspecting_point_3
867.921,workflow_690ac837,InspectionWorkflow,agent_140071510410240,COMPLETED,completed
860.0,workflow_25c14aea,InspectionWorkflow,agent_140071508445888,REGISTERED,idle
861.0,workflow_25c14aea,InspectionWorkflow,agent_140071508445888,RUNNING,inspecting_point_1
877.185,workflow_25c14aea,InspectionWorkflow,agent_140071508445888,RUNNING,inspecting_point_2
902.342,workflow_25c14aea,InspectionWorkflow,agent_140071508445888,RUNNING,inspecting_point_3
932.74,workflow_25c14aea,InspectionWorkflow,agent_140071508445888,COMPLETED,completed
920.0,workflow_c8c4dd8c,InspectionWorkflow,agent_140071508545536,REGISTERED,idle
921.0,workflow_c8c4dd8c,InspectionWorkflow,agent_140071508545536,RUNNING,inspecting_point_1
979.347,workflow_c8c4dd8c,InspectionWorkflow,agent_140071508545536,RUNNING,inspecting_point_2
993.815,workflow_c8c4dd8c,InspectionWorkflow,agent_140071508545536,RUNNING,inspecting_point_3
980.0,workflow_7a47c7be,InspectionWorkflow,agent_140071508645184,REGISTERED,idle
981.0,workflow_7a47c7be,InspectionWorkflow,agent_140071508645184,RUNNING,inspecting_point_1
